Symbol,ETF Name,Total Assets,YTD,Avg Volume,Previous Closing Price,1-Day Change,1 Week,4 Week,1 year,3 year,5 year,YTD FF,1 Week FF,4 Week FF,1 Year FF,3 Year FF,5 Year FF,ETF Database Category,Inception,ER,Commission Free,Annual Dividend Rate,Dividend Date,Dividend,Annual Dividend Yield %,P/E Ratio,Beta,# of Holdings,% In Top 10,ST Cap Gain Rate,LT Cap Gain Rate,Tax Form,Lower Bollinger,Upper Bollinger,Support 1,Resistance 1,RSI,Overall Rating,Liquidity Rating,Expenses Rating,Returns Rating,Volatility Rating,Dividend Rating,Concentration Rating,ESG Score,ESG Score Peer Percentile (%),ESG Score Global Percentile (%),Carbon Intensity (Tons of CO2e / $M Sales),SRI Exclusion Criteria (%),Sustainable Impact Solutions (%)
SPY,SPDR S&P 500 ETF Trust,"$582,958,000",21.06%,"51,725,584",$570.04,-0.22%,1.85%,2.42%,35.66%,10.30%,15.79%,"-$9,710,960,344.65","$17,211,028,862.75","$9,648,357,853.90","$36,846,529,970.00","$53,793,674,389.10","$51,270,811,193.30",Large Cap Growth Equities,1993-01-22,0.09%,N/A,$7.01,2024-09-20,$1.75,1.23%,17.86,1.00,504,34.54%,40%,20%,1099,$539.80,$575.25,$568.67,$571.65,61.41,A,A+,A-,B,B+,A-,A-,6.7,47.33%,56.10%,96.61,10.89%,7.31%
VOO,Vanguard S&P 500 ETF,"$543,177,000",21.15%,"5,665,266",$525.61,-0.20%,1.88%,2.43%,35.80%,10.37%,15.86%,"$87,026,291,486.53","$18,045,847,093.74","$26,775,226,437.47","$99,871,767,098.45","$175,483,777,057.34","$237,006,288,738.23",Large Cap Growth Equities,2010-09-07,0.03%,Vanguard,$6.62,2024-06-28,$1.78,1.26%,20.10,1.00,506,34.16%,40%,20%,1099,$497.60,$530.42,$524.41,$527.06,61.40,A,A,A,B,B+,A-,A-,6.7,47.80%,56.14%,96.83,10.89%,7.32%
IVV,iShares Core S&P 500 ETF,"$504,064,000",20.64%,"5,146,941",$572.66,-0.62%,1.44%,2.01%,35.25%,10.21%,15.79%,"$17,716,946,353.15","-$26,158,389,889.55","-$26,264,446,290.45","$42,930,960,649.05","$89,027,371,287.75","$111,073,226,722.75",Large Cap Growth Equities,2000-05-15,0.03%,3 Platforms,$7.19,2024-06-11,$1.61,1.25%,19.66,1.00,505,34.87%,40%,20%,1099,$544.57,$579.86,$571.35,$574.31,59.45,A,A,A,B,B+,A-,A-,6.7,46.93%,56.06%,96.79,10.83%,7.27%
VTI,Vanguard Total Stock Market ETF,"$441,199,000",19.69%,"2,832,180",$281.94,-0.33%,1.65%,2.36%,34.88%,8.61%,15.06%,"$24,496,764,440.12","-$415,538,974.96","$3,550,600,056.29","$32,681,959,315.31","$86,222,862,216.09","$155,201,700,585.76",Large Cap Growth Equities,2001-05-24,0.03%,2 Platforms,$3.66,2024-06-28,$0.95,1.30%,19.10,1.02,3625,29.80%,40%,20%,1099,$266.76,$285.08,$281.24,$282.89,60.81,A,A,A,B-,B,B+,A,6.56,24.08%,50.26%,96.61,10.08%,7.03%
QQQ,Invesco QQQ Trust Series I,"$294,017,000",19.14%,"37,429,728",$485.82,0.09%,3.19%,3.21%,38.10%,9.90%,21.71%,"$19,689,058,450.00","$2,281,270,700.00","$32,411,750.00","$23,691,075,100.00","$38,282,873,100.00","$69,270,699,300.00",Large Cap Growth Equities,1999-03-10,0.20%,N/A,$3.04,2024-09-23,$0.68,0.62%,22.70,1.11,102,50.97%,40%,20%,1099,$450.02,$490.48,$484.32,$487.55,58.74,B+,A,B+,A,C+,B-,B-,6.79,64.88%,60.18%,59.12,6.99%,9.28%
VUG,Vanguard Growth ETF,"$140,168,000",23.91%,"991,940",$384.22,0.23%,3.04%,3.08%,43.17%,8.74%,19.04%,"$10,313,586,718.09","-$1,503,526,134.04","$854,412,117.80","$12,676,309,673.31","$24,050,450,176.09","$30,489,212,265.69",Large Cap Growth Equities,2004-01-26,0.04%,2 Platforms,$1.88,2024-06-27,$0.46,0.49%,28.80,1.11,190,58.95%,40%,20%,1099,$356.95,$387.46,$383.09,$385.19,59.92,A-,A,A,A,C+,B-,B+,6.75,59.28%,58.49%,35.0,6.12%,11.02%
IWF,iShares Russell 1000 Growth ETF,"$98,965,100",23.97%,"1,323,425",$374.92,-0.00%,2.79%,3.31%,42.83%,10.05%,19.54%,"-$1,901,105,132.55","$112,863,156.60","$291,576,086.40","$821,939,946.60","$889,838,773.85","-$4,549,867,361.15",Large Cap Growth Equities,2000-05-22,0.19%,TD Ameritrade,$2.13,2024-06-11,$0.41,0.57%,26.10,1.08,396,59.66%,40%,20%,1099,$346.74,$379.31,$373.94,$376.07,60.06,A-,A,B+,A,C+,B-,A-,6.78,63.52%,59.69%,28.88,8.35%,9.75%
VIG,Vanguard Dividend Appreciation ETF,"$86,000,300",16.71%,"718,269",$197.07,-0.47%,0.65%,1.83%,28.59%,9.54%,12.66%,"-$131,793,832.32","$60,778,378.94","$115,109,479.91","$1,524,189,341.06","$6,124,827,381.04","$15,820,749,758.91",Large Cap Growth Equities,2006-04-21,0.06%,3 Platforms,$3.36,2024-06-28,$0.90,1.69%,21.50,0.85,340,30.01%,40%,20%,1099,$190.68,$199.31,$196.38,$198.05,61.09,A,A,A,A-,A,A-,B,6.77,55.89%,59.44%,94.05,5.11%,1.87%
ITOT,iShares Core S&P Total U.S. Stock Market ETF,"$61,664,300",19.15%,"1,304,045",$124.69,-0.69%,1.32%,1.91%,34.39%,8.51%,14.95%,"$2,563,452,746.95","$12,551,259.50","-$236,033,874.80","$3,584,235,403.50","$7,257,990,220.95","$14,103,423,365.95",Large Cap Growth Equities,2004-01-20,0.03%,Fidelity,$1.56,2024-06-11,$0.34,1.24%,18.56,1.02,2523,30.42%,40%,20%,1099,$118.42,$126.48,$124.39,$125.12,59.12,A,A,A,B-,B,B+,A,6.58,25.84%,50.81%,96.69,9.77%,7.13%
IVW,iShares S&P 500 Growth ETF,"$53,261,300",27.43%,"2,513,060",$95.53,0.00%,2.92%,3.19%,41.03%,8.13%,17.31%,"$5,905,578,784.30","$114,223,488.30","-$998,144,158.05","$5,716,851,666.30","$7,108,401,658.80","$3,951,002,728.80",Large Cap Growth Equities,2000-05-22,0.18%,Fidelity,$0.59,2024-06-11,$0.07,0.62%,20.79,1.05,234,60.59%,40%,20%,1099,$88.34,$96.58,$95.25,$95.84,60.22,A,A,B+,A,C+,A,B+,6.81,69.04%,61.40%,43.57,6.95%,10.38%
QUAL,iShares MSCI USA Quality Factor ETF,"$49,613,600",21.69%,"957,715",$178.28,-0.45%,1.08%,1.07%,37.43%,10.56%,15.73%,"$5,348,535,469.35","$53,569,206.15","$89,853,765.35","$6,531,359,166.40","$14,070,934,360.60","$18,439,302,765.60",Large Cap Growth Equities,2013-07-18,0.15%,N/A,$1.78,2024-06-11,$0.34,0.99%,17.62,1.03,126,40.30%,40%,20%,1099,$171.19,$180.66,$177.83,$178.78,58.14,A-,A,A-,B+,B,B+,B-,7.08,88.90%,73.23%,48.04,1.83%,6.96%
SCHX,Schwab U.S. Large-Cap ETF,"$46,229,200",20.28%,"1,417,129",$67.41,-0.55%,1.52%,2.15%,35.27%,9.27%,15.53%,"$1,941,777,000.00","$128,386,500.00","$548,235,000.00","$2,560,863,000.00","$4,140,326,000.00","$8,238,139,500.00",Large Cap Growth Equities,2009-11-03,0.03%,Charles Schwab,$0.82,2024-06-26,$0.21,1.21%,18.90,1.01,752,32.42%,40%,20%,1099,$63.96,$68.22,$67.24,$67.61,59.87,A,A,A,B,B,A-,A,6.66,38.33%,54.12%,95.26,10.44%,7.28%
VT,Vanguard Total World Stock ETF,"$40,694,300",16.62%,"1,203,242",$118.49,-0.50%,1.90%,2.05%,30.32%,6.38%,11.90%,"$3,479,300,991.66","$451,920,471.78","$568,205,583.51","$4,213,439,625.57","$10,934,886,279.23","$17,637,566,781.83",Large Cap Growth Equities,2008-06-24,0.07%,2 Platforms,$2.22,2024-09-20,$0.42,1.86%,15.40,0.94,9890,18.59%,40%,20%,1099,$112.53,$119.55,$118.22,$118.94,60.45,A,A,A,C+,A-,A-,A+,6.75,21.50%,58.74%,131.67,9.27%,7.19%
VV,Vanguard Large Cap ETF,"$38,438,600",21.05%,"228,382",$262.26,-0.27%,1.82%,2.44%,35.93%,9.55%,15.77%,"$1,227,830,763.47","-$103,405,676.71","$356,355,384.64","$1,565,907,152.70","$4,257,805,270.29","$6,767,285,847.04",Large Cap Growth Equities,2004-01-27,0.04%,Vanguard,$3.32,2024-06-28,$0.86,1.26%,20.30,1.01,502,33.93%,40%,20%,1099,$248.34,$264.78,$261.67,$263.01,60.92,A-,A-,A,B,B,B+,A-,6.65,36.40%,53.55%,94.0,10.85%,7.08%
IWB,iShares Russell 1000 ETF,"$37,803,000",19.76%,"909,943",$312.35,-0.57%,1.47%,2.18%,34.69%,9.06%,15.31%,"-$1,115,000,680.05","$280,815,113.85","-$793,805,038.20","-$1,094,526,013.70","-$1,053,994,693.20","-$1,393,845,563.20",Large Cap Growth Equities,2000-05-15,0.15%,TD Ameritrade,$3.58,2024-06-11,$0.73,1.14%,19.16,1.01,1011,31.53%,40%,20%,1099,$296.40,$316.34,$311.63,$313.26,59.77,A,A,A-,B-,B+,B+,A,6.63,32.51%,52.61%,96.39,10.36%,7.04%
DIA,SPDR Dow Jones Industrial Average ETF Trust,"$35,419,100",12.67%,"3,336,551",$419.12,-0.71%,1.00%,2.19%,26.97%,8.43%,11.48%,"-$650,026,526.45","-$684,683,855.45","-$427,253,439.05","-$39,551,818.05","-$21,751,352.50","$997,530,847.10",Large Cap Growth Equities,1998-01-14,0.16%,N/A,$6.92,2024-09-20,$1.25,1.64%,16.82,0.94,31,57.89%,40%,20%,1099,$402.33,$423.91,$417.35,$421.91,61.57,B+,A,B+,C,A,A,C,7.01,84.93%,69.97%,26.85,9.36%,0.16%
QQQM,Invesco NASDAQ 100 ETF,"$33,331,100",19.26%,"2,053,165",$199.98,0.12%,3.22%,3.22%,38.27%,10.00%,N/A,"$10,612,728,750.00","$401,084,610.00","$989,517,150.00","$12,753,020,830.00","$24,218,935,310.00","$25,764,385,100.00",Large Cap Growth Equities,2020-10-13,0.15%,N/A,$1.35,2024-09-23,$0.30,0.67%,22.70,1.18,103,50.99%,40%,20%,1099,$185.19,$201.86,$199.36,$200.66,58.80,B,A,B+,N/A,C+,C,B+,6.79,64.69%,60.16%,59.12,7.02%,9.31%
SCHG,Schwab U.S. Large-Cap Growth ETF,"$32,577,800",25.55%,"1,386,154",$103.94,-0.02%,2.77%,3.02%,44.91%,10.73%,20.49%,"$3,649,480,000.00","$33,455,500.00","$192,851,000.00","$4,772,825,500.00","$7,899,646,000.00","$8,981,515,000.00",Large Cap Growth Equities,2009-12-11,0.04%,Charles Schwab,$0.42,2024-06-26,$0.11,0.40%,25.77,1.10,229,59.75%,40%,20%,1099,$96.43,$105.09,$103.62,$104.28,59.82,A-,A,A,A,C+,C+,B+,6.75,58.24%,58.29%,32.15,8.37%,11.11%
SCHB,Schwab U.S. Broad Market ETF,"$31,203,300",19.34%,"706,611",$66.02,-0.59%,1.38%,2.04%,34.54%,8.59%,15.00%,"$992,450,000.00","$6,283,000.00","$57,284,000.00","$1,366,132,500.00","$2,982,101,000.00","$2,843,815,000.00",Large Cap Growth Equities,2009-11-03,0.03%,Charles Schwab,$0.80,2024-06-26,$0.20,1.21%,18.11,1.03,2473,30.23%,40%,20%,1099,$62.64,$66.90,$65.86,$66.23,59.56,A,A,A,B-,B,A-,A,6.58,26.74%,51.02%,96.81,9.95%,7.25%
SPYG,SPDR Portfolio S&P 500 Growth ETF,"$29,632,400",27.73%,"2,518,143",$82.72,0.15%,3.10%,3.39%,41.37%,8.33%,17.51%,"$2,266,059,837.90","$139,737,255.50","$347,986,431.60","$3,223,008,965.50","$8,778,164,414.35","$13,256,775,726.45",Large Cap Growth Equities,2000-09-25,0.04%,N/A,$0.56,2024-09-23,$0.13,0.68%,19.67,1.05,234,60.37%,40%,20%,1099,$76.37,$83.52,$82.48,$82.98,60.59,A-,A,A,A-,C+,B,B+,6.81,69.15%,61.43%,43.57,6.99%,10.43%
MGK,Vanguard Mega Cap Growth ETF,"$22,852,000",24.36%,"412,515",$322.09,0.19%,3.09%,3.08%,43.78%,9.95%,20.27%,"$2,368,430,750.00","$24,086,250.00","$396,649,500.00","$3,003,341,750.00","$5,156,809,000.00","$8,027,702,044.45",Large Cap Growth Equities,2007-12-17,0.07%,2 Platforms,$1.36,2024-06-27,$0.31,0.42%,29.00,1.11,73,62.25%,40%,20%,1099,$299.36,$324.76,$321.07,$322.96,59.72,A-,A-,A,A,C+,B-,B,6.82,69.64%,61.59%,28.69,5.55%,11.19%
VONG,Vanguard Russell 1000 Growth ETF,"$22,434,700",24.27%,"768,029",$96.64,0.15%,2.95%,3.46%,43.18%,10.20%,19.68%,"$1,221,807,500.00","$62,646,250.00","$193,317,500.00","$3,180,426,500.00","$8,702,019,000.00","$10,303,567,000.00",Large Cap Growth Equities,2010-09-20,0.08%,Vanguard,$0.59,2024-06-27,$0.14,0.61%,25.90,1.08,397,59.40%,40%,20%,1099,$89.19,$97.63,$96.37,$96.92,60.39,A-,A,A,A,C+,B-,A-,6.78,63.55%,59.73%,28.87,8.34%,9.75%
IUSG,iShares Core S&P U.S. Growth ETF,"$19,862,700",26.53%,"371,054",$131.38,-0.17%,2.69%,3.12%,40.16%,8.05%,17.07%,"$863,111,082.70","$45,545,972.65","$134,196,190.30","$1,106,953,013.50","$3,221,763,877.10","$3,816,079,027.10",Large Cap Growth Equities,2000-07-24,0.04%,N/A,$0.99,2024-06-11,$0.14,0.75%,20.25,1.06,487,57.48%,40%,20%,1099,$121.63,$133.01,$131.05,$131.82,59.71,A,A,A,A-,B-,B,A-,6.76,61.18%,58.94%,45.54,8.72%,10.16%
ACWI,iShares MSCI ACWI ETF,"$19,279,600",17.43%,"2,571,615",$118.52,-0.42%,2.03%,2.12%,31.11%,6.75%,11.98%,"-$2,650,197,220.00","$301,734,420.00","$301,734,420.00","-$2,490,611,300.00","-$40,283,700.00","$760,518,600.00",Large Cap Growth Equities,2008-03-26,0.32%,2 Platforms,$1.90,2024-06-11,$0.94,1.60%,15.90,0.93,2327,21.10%,40%,20%,1099,$112.42,$119.48,$118.26,$118.95,60.88,A-,A,B,C+,A-,B+,A,6.86,27.45%,63.24%,122.55,9.78%,7.39%
XLC,Communication Services Select Sector SPDR Fund,"$18,368,500",23.47%,"4,392,072",$88.97,-0.31%,1.74%,2.67%,38.26%,3.57%,13.35%,"-$1,542,503,700.90","-$75,341,774.15","-$320,444,278.55","$91,813,625.10","$709,156,188.80","$4,628,401,498.85",Large Cap Growth Equities,2018-06-18,0.09%,N/A,$0.88,2024-09-23,$0.27,0.99%,15.99,1.02,23,72.15%,40%,20%,1099,$83.03,$90.09,$88.74,$89.39,61.87,A-,A,A-,A-,B-,B-,N/A,4.65,29.17%,18.02%,12.79,0.00%,0.14%
IWV,iShares Russell 3000 ETF,"$14,933,100",19.06%,"115,869",$324.27,-0.67%,1.32%,2.03%,34.14%,8.51%,14.86%,"-$4,942,361.35",$0.00,"-$128,959,335.60","$176,910,577.20","-$63,006,523.02","-$1,935,984,798.02",Large Cap Growth Equities,2000-05-22,0.20%,TD Ameritrade,$3.59,2024-06-11,$0.77,1.10%,18.51,1.02,2674,30.02%,40%,20%,1099,$307.95,$328.89,$323.57,$325.34,59.21,A-,A-,B+,B-,B,B,A,6.57,24.56%,50.47%,97.37,9.83%,6.97%
DGRW,WisdomTree US Quality Dividend Growth Fund,"$14,541,200",18.47%,"552,877",$82.47,-0.53%,0.94%,1.51%,32.09%,12.91%,15.30%,"$1,000,341,045.00","$24,614,570.00","$60,752,315.00","$1,880,055,610.00","$4,590,654,320.00","$6,627,097,830.00",Large Cap Growth Equities,2013-05-22,0.28%,2 Platforms,$1.25,2024-08-27,$0.10,1.52%,19.64,0.88,300,36.61%,40%,20%,1099,$79.12,$83.55,$82.23,$82.79,59.77,A,A,B+,B,A,A,B+,6.98,84.71%,68.59%,58.17,5.55%,3.47%
OEF,iShares S&P 100 ETF,"$13,776,100",23.81%,"238,968",$275.09,-0.37%,1.87%,2.18%,38.76%,11.78%,17.59%,"-$1,436,463,092.30","$68,919,424.15","$68,718,480.00","$1,454,388,738.00","$1,820,857,334.75","$1,956,139,074.75",Large Cap Growth Equities,2000-10-23,0.20%,2 Platforms,$2.78,2024-06-11,$0.63,1.01%,20.57,0.99,102,50.22%,40%,20%,1099,$260.15,$278.11,N/A,N/A,59.99,A-,A-,B+,A-,B,B+,B-,6.58,26.71%,51.02%,65.17,12.71%,7.60%
ESGU,iShares ESG Aware MSCI USA ETF,"$13,337,100",20.17%,"647,729",$125.35,-0.53%,1.45%,2.28%,35.31%,8.56%,15.55%,"-$2,438,895,575.05","-$37,665,507.25","$126,503,137.85","-$2,485,604,349.20","-$9,963,499,923.80","$5,912,821,521.20",Large Cap Growth Equities,2016-12-01,0.15%,N/A,$1.41,2024-06-11,$0.29,1.13%,19.78,1.02,286,32.49%,40%,20%,1099,$118.79,$126.98,$125.06,$125.71,59.88,A-,A,A-,B+,B,B,B+,7.45,96.16%,85.74%,65.16,7.32%,8.19%
VOOG,Vanguard S&P 500 Growth ETF,"$12,968,500",27.66%,"179,882",$344.91,0.03%,2.99%,3.39%,41.27%,8.25%,17.42%,"$1,680,866,400.00","$59,977,400.00","$165,569,800.00","$1,927,877,650.00","$3,830,194,825.95","$5,357,492,325.95",Large Cap Growth Equities,2010-09-07,0.10%,Vanguard,$2.40,2024-06-28,$0.43,0.70%,20.80,1.05,234,58.39%,40%,20%,1099,$318.49,$348.43,$343.99,$345.97,60.52,A-,A-,A-,A-,C+,B,B+,6.81,69.12%,61.42%,43.57,6.99%,10.43%
GSLC,TR Activebeta US Large Cap Equity ETF,"$12,871,000",20.57%,"197,291",$112.16,-0.12%,1.90%,2.34%,35.45%,9.52%,15.09%,"-$800,633,500.00","$5,615,500.00","-$4,981,500.00","-$1,354,834,500.00","-$3,092,912,000.00","-$611,907,500.00",Large Cap Growth Equities,2015-09-21,0.09%,N/A,$1.32,2024-09-24,$0.30,1.17%,18.25,0.98,431,31.23%,40%,20%,1099,$106.02,$113.26,$111.90,$112.45,61.56,A,A-,A,B+,B+,B+,A-,6.77,61.89%,59.14%,73.47,8.15%,6.74%
DYNF,BlackRock U.S. Equity Factor Rotation ETF,"$11,914,300",24.61%,"1,124,298",$49.24,-0.32%,1.50%,2.01%,42.92%,12.18%,15.63%,"$10,483,277,105.00","$134,103,442.50","$1,039,051,860.00","$10,493,261,467.50","$10,447,374,502.50","$10,456,749,032.50",Large Cap Growth Equities,2019-03-19,0.30%,N/A,$0.28,2024-06-11,$0.06,0.58%,18.26,0.97,96,50.08%,40%,20%,1099,$46.66,$49.87,N/A,N/A,59.91,B+,B,B,B-,B+,A-,N/A,6.6,28.78%,51.66%,78.48,11.33%,8.10%
IWY,iShares Russell Top 200 Growth ETF,"$11,792,600",25.73%,"408,978",$219.82,0.08%,2.92%,3.30%,44.60%,11.96%,21.29%,"$1,110,114,517.20","$43,771,117.80","$180,552,108.70","$2,104,226,719.75","$4,189,126,997.35","$5,194,616,162.35",Large Cap Growth Equities,2009-09-22,0.20%,N/A,$1.13,2024-06-11,$0.19,0.51%,26.46,1.07,107,66.42%,40%,20%,1099,$203.17,$222.25,$219.22,$220.42,59.66,B+,A-,B+,A,C+,B-,B,6.82,69.72%,61.65%,18.41,8.81%,10.19%
SPHQ,Invesco S&P 500® Quality ETF,"$11,321,200",24.69%,"974,318",$66.82,-0.43%,0.88%,2.11%,35.93%,11.70%,16.76%,"$2,665,965,360.00","$28,131,450.00","$241,161,290.00","$3,072,222,310.00","$5,697,317,660.00","$6,409,841,790.00",Large Cap Growth Equities,2005-12-06,0.15%,N/A,$0.77,2024-09-23,$0.19,1.16%,15.53,0.94,102,45.09%,40%,20%,1099,$64.39,$67.64,$66.66,$67.05,58.97,A-,A,B+,A-,B+,A-,C+,7.17,91.87%,76.96%,25.94,3.46%,1.48%
MTUM,iShares MSCI USA Momentum Factor ETF,"$10,077,700",29.60%,"635,180",$202.95,-0.02%,3.25%,4.13%,46.68%,4.83%,12.46%,"-$729,057,892.05","$9,944,089.15","-$171,411,291.00","-$1,546,809,154.20","-$5,446,919,031.40","-$5,165,889,256.40",Large Cap Growth Equities,2013-04-16,0.15%,N/A,$1.13,2024-06-11,$0.20,0.56%,14.07,0.91,125,40.99%,40%,20%,1099,$185.98,$204.84,$202.44,$203.56,61.92,B+,A,A-,A-,B-,B-,B-,6.62,31.83%,52.38%,68.77,11.59%,6.92%
ESGV,Vanguard ESG U.S. Stock ETF,"$9,519,450",19.70%,"179,269",$100.97,-0.27%,1.75%,2.51%,36.92%,8.08%,15.75%,"$600,489,000.00","$24,748,750.00","$64,157,750.00","$772,164,750.00","$2,473,763,500.00","$5,918,403,500.00",Large Cap Growth Equities,2018-09-18,0.09%,N/A,$1.13,2024-09-20,$0.28,1.12%,21.00,1.03,1390,35.78%,40%,20%,1099,$95.30,$102.12,$100.75,$101.28,60.18,A-,A-,A-,B+,B-,B,N/A,6.69,43.66%,55.58%,41.01,4.55%,8.07%
FTCS,First Trust Capital Strength ETF,"$9,020,810",13.52%,"300,662",$90.32,-0.36%,0.13%,0.52%,23.79%,6.55%,11.09%,"-$818,687,000.00","-$27,181,450.00","-$63,176,650.00","-$1,187,118,900.00","-$741,733,850.00","$2,694,614,300.00",Large Cap Growth Equities,2006-07-06,0.54%,N/A,$1.15,2024-06-27,$0.28,1.28%,17.89,0.86,51,21.66%,40%,20%,1099,$88.88,$91.36,$90.05,$90.76,58.87,B+,A-,B-,A-,A,B,C,6.72,53.65%,57.10%,79.65,6.04%,2.86%
QYLD,Global X NASDAQ 100 Covered Call ETF,"$8,062,370",13.34%,"5,906,566",$17.98,0.06%,0.83%,2.48%,22.02%,4.60%,7.76%,"-$12,643,131.09","$23,327,529.77","-$12,256,301.50","-$164,093,632.76","$4,939,919,643.62","$8,827,176,957.77",Large Cap Growth Equities,2013-12-12,0.61%,N/A,$2.07,2024-09-23,$0.18,11.51%,24.18,0.71,103,51.71%,40%,20%,1099,$17.13,$18.16,$17.95,$18.00,61.37,A-,A,C+,A,B,A,B-,6.79,84.63%,60.23%,58.94,7.01%,9.32%
CGGR,Capital Group Growth ETF,"$7,453,140",22.87%,"1,146,551",$34.63,-0.12%,3.13%,3.93%,43.46%,N/A,N/A,"$2,467,125,233.70","$55,605,615.84","$243,375,357.58","$3,153,974,780.34","$5,604,006,206.72","$5,604,006,206.72",Large Cap Growth Equities,2022-02-22,0.39%,N/A,$0.12,2024-06-28,$0.06,0.34%,0.05,1.09,106,38.86%,40%,20%,1099,$31.77,$34.99,$34.55,$34.74,62.75,B+,A,A-,B+,C+,B,N/A,6.09,5.88%,38.42%,46.76,8.28%,8.52%
ONEQ,Fidelity Nasdaq Composite Index ETF,"$6,849,560",20.92%,"299,683",$71.29,0.06%,2.88%,3.15%,39.62%,7.70%,18.94%,"$194,627,379.60","-$7,080,562.70","-$26,889,653.60","$220,941,992.35","$973,033,898.60","$1,594,152,698.60",Large Cap Growth Equities,2003-09-25,0.21%,Fidelity,$0.46,2024-09-20,$0.11,0.64%,22.96,1.13,1007,56.71%,40%,20%,1099,$65.91,$72.05,$71.06,$71.54,58.99,A-,A-,B+,A,C+,B-,A,6.58,26.82%,51.03%,48.48,8.06%,10.77%
XLG,Invesco S&P 500® Top 50 ETF,"$6,682,930",26.23%,"1,837,657",$47.33,0.04%,2.58%,2.63%,41.12%,12.54%,18.85%,"$2,496,962,390.00","$41,260,560.00","$106,906,290.00","$3,009,610,730.00","$3,305,996,340.00","$3,887,659,160.00",Large Cap Growth Equities,2005-05-04,0.20%,Charles Schwab,$0.36,2024-09-23,$0.09,0.76%,18.57,1.00,53,58.79%,40%,20%,1099,$44.37,$47.72,$47.20,$47.45,60.48,B+,B+,B+,A,B,B,C+,6.57,24.40%,50.40%,47.77,11.71%,9.24%
MGC,Vanguard Mega Cap ETF,"$6,182,160",22.41%,"80,368",$205.93,-0.11%,1.98%,2.40%,37.51%,10.73%,16.70%,"$368,297,500.00","$15,145,500.00","$40,074,500.00","$595,572,979.48","$582,096,729.48","$1,484,519,229.48",Large Cap Growth Equities,2007-12-17,0.07%,Vanguard,$2.44,2024-06-27,$0.62,1.19%,20.80,1.00,199,40.63%,40%,20%,1099,$194.90,$207.85,$205.49,$206.48,60.98,A-,A-,A,B+,B,B+,B+,6.64,34.28%,53.08%,75.35,11.38%,7.26%
IOO,iShares Global 100 ETF,"$6,138,200",23.37%,"160,308",$98.66,-0.01%,2.37%,1.07%,36.91%,12.17%,16.91%,"$351,062,495.00","$14,359,885.00","$14,359,885.00","$530,940,490.00","$1,206,103,320.00","$1,612,997,210.00",Large Cap Growth Equities,2000-12-05,0.40%,TD Ameritrade,$1.09,2024-06-11,$0.65,1.10%,16.70,0.92,104,55.60%,40%,20%,1099,$93.27,$99.67,$98.37,$98.97,58.15,A-,A-,B,B+,A-,A-,B-,7.05,46.78%,71.90%,35.71,10.69%,9.84%
FDN,First Trust Dow Jones Internet Index Fund,"$5,958,520",13.73%,"328,674",$212.16,-0.15%,4.10%,6.22%,35.40%,-5.10%,9.43%,"-$766,092,750.00","$52,589,350.00","-$16,560,700.00","-$1,266,582,900.00","-$2,950,817,150.00","-$5,804,950,300.00",Large Cap Growth Equities,2006-06-19,0.51%,N/A,$0.00,2011-12-21,$0.01,0.00%,31.05,1.12,43,63.39%,40%,20%,1099,$191.25,$213.48,$211.70,$213.04,65.09,C+,A-,B-,C+,C,C,C,5.73,27.19%,31.77%,14.67,11.37%,0.57%
PBUS,Invesco MSCI USA ETF,"$5,258,950",20.63%,"77,272",$57.02,-0.23%,1.89%,2.42%,35.75%,9.51%,15.80%,"$487,349,800.00","-$2,850,800.00","$16,989,950.00","$1,124,462,475.00","$2,099,450,900.00","$3,998,713,775.00",Large Cap Growth Equities,2017-09-22,0.04%,N/A,$0.70,2024-09-23,$0.18,1.22%,20.07,0.98,595,32.91%,40%,20%,1099,$53.85,$57.63,$56.93,$57.17,61.14,A-,B-,A,B,B+,B+,N/A,6.69,45.29%,55.78%,92.01,10.06%,7.68%
VONE,Vanguard Russell 1000 ETF,"$5,142,150",20.32%,"58,752",$259.39,-0.23%,1.79%,2.64%,35.40%,9.27%,15.49%,"$33,291,900.00","$11,422,500.00","$30,189,900.00","$246,842,650.00","$1,264,831,150.00","$1,918,628,900.00",Large Cap Growth Equities,2010-09-20,0.08%,Vanguard,$3.20,2024-06-27,$0.81,1.23%,19.60,1.02,1015,31.20%,40%,20%,1099,$245.06,$261.84,$258.75,$260.06,61.67,A-,B+,A,B-,B+,B+,A,6.62,32.40%,52.59%,96.34,10.37%,7.05%
JQUA,JPMorgan U.S. Quality Factor ETF,"$5,057,660",18.11%,"442,695",$56.04,-0.43%,1.14%,1.91%,31.78%,11.28%,15.59%,"$1,058,828,000.00","$78,266,500.00","$253,340,000.00","$1,949,694,500.00","$3,671,776,000.00","$3,816,861,000.00",Large Cap Growth Equities,2017-11-08,0.12%,N/A,$0.67,2024-09-24,$0.17,1.20%,18.33,0.92,281,17.85%,40%,20%,1099,$53.66,$56.70,$55.91,$56.26,60.73,A,B+,A-,B,A-,A-,N/A,6.78,63.00%,59.52%,86.3,5.18%,4.75%
DSI,iShares MSCI KLD 400 Social ETF,"$4,691,670",19.18%,"97,438",$108.02,-0.38%,1.67%,2.33%,34.81%,8.95%,15.75%,"-$156,480,869.40",$0.00,"-$36,203,738.85","-$106,953,312.85","$224,322,670.70","$1,086,147,660.70",Large Cap Growth Equities,2006-11-14,0.25%,N/A,$1.09,2024-06-11,$0.22,1.01%,22.35,1.02,404,39.83%,40%,20%,1099,$101.77,$109.47,N/A,N/A,58.67,A-,A-,B+,B+,B,A,B+,7.56,97.50%,88.86%,56.05,1.17%,12.47%
CGGO,Capital Group Global Growth Equity ETF,"$4,489,400",17.67%,"782,417",$30.08,-0.33%,2.42%,1.59%,33.68%,N/A,N/A,"$1,483,790,029.88","$45,032,830.08","$154,032,163.12","$1,823,352,872.72","$3,634,187,102.20","$3,634,187,102.20",Large Cap Growth Equities,2022-02-22,0.47%,N/A,$0.28,2024-06-28,$0.20,0.92%,0.00,0.99,84,33.48%,40%,20%,1099,$28.22,$30.47,$29.99,$30.20,57.75,B+,A,B+,A-,B,B,N/A,7.31,67.62%,81.87%,75.62,11.69%,11.03%
SPGP,Invesco S&P 500 GARP ETF,"$4,278,720",6.47%,"276,228",$103.33,-0.72%,0.82%,0.68%,16.34%,5.79%,14.27%,"-$355,627,730.00","-$142,555,640.00","-$199,891,160.00","$308,608,530.00","$2,955,522,530.00","$3,267,459,700.00",Large Cap Growth Equities,2011-06-16,0.36%,N/A,$1.45,2024-09-23,$0.32,1.40%,11.17,1.11,77,20.51%,40%,20%,1099,$97.89,$105.65,$102.90,$104.06,54.39,A-,B+,B,A-,A-,B,N/A,6.95,81.04%,67.44%,155.58,1.02%,5.46%
VOX,Vanguard Communication Services ETF,"$4,120,840",22.88%,"122,377",$143.97,-0.23%,2.29%,3.93%,39.54%,0.54%,11.61%,"-$219,998,837.08","$120,750.00","-$24,424,500.00","-$346,888,583.32","-$410,774,547.30","$634,148,119.52",Large Cap Growth Equities,2004-09-23,0.10%,Vanguard,$1.28,2024-06-28,$0.32,0.89%,19.30,1.04,118,69.47%,40%,20%,1099,$132.49,$145.49,$143.63,$144.63,63.88,B,A-,A-,B,B-,B-,C,4.32,18.75%,10.37%,12.47,0.00%,0.20%
URTH,iShares MSCI World ETF,"$3,900,510",17.98%,"253,694",$155.68,-0.25%,1.74%,1.84%,32.23%,7.80%,13.06%,"$328,586,860.00","$139,905,910.00","$186,133,330.00","$479,029,030.00","$1,651,761,690.00","$2,202,182,800.00",Large Cap Growth Equities,2012-01-10,0.24%,N/A,$2.28,2024-06-11,$1.19,1.46%,16.97,0.96,1412,23.51%,40%,20%,1099,$148.13,$157.19,$155.29,$156.24,60.61,A-,A-,B+,C+,A-,A-,A,6.97,38.41%,68.19%,96.29,10.53%,7.64%
BBUS,JPMorgan BetaBuilders U.S. Equity ETF,"$3,876,180",20.90%,"158,231",$102.93,-0.17%,1.85%,2.54%,35.93%,9.64%,15.78%,"$636,526,000.00",$0.00,"$197,022,000.00","$845,389,000.00","$2,335,308,000.00","$2,897,972,500.00",Large Cap Growth Equities,2019-03-12,0.02%,N/A,$1.28,2024-09-24,$0.31,1.24%,0.03,1.02,556,33.22%,40%,20%,1099,$97.37,$103.88,$102.71,$103.19,61.54,A-,B+,A,B,B+,B+,N/A,6.67,39.09%,54.55%,95.19,10.64%,7.08%
SCHK,Schwab 1000 Index ETF,"$3,808,800",19.91%,"158,231",$54.89,-0.56%,1.52%,2.10%,35.01%,9.01%,15.24%,"-$56,936,000.00","$8,230,500.00","$16,292,500.00","$34,991,000.00","$850,406,000.00","$1,550,327,500.00",Large Cap Growth Equities,2017-10-11,0.05%,N/A,$0.66,2024-06-26,$0.17,1.19%,18.62,1.02,997,31.51%,40%,20%,1099,$52.08,$55.57,$54.76,$55.05,59.85,A-,A-,A,B-,B,A-,N/A,6.63,33.84%,52.97%,95.31,10.28%,7.25%
SUSA,iShares MSCI USA ESG Select ETF,"$3,716,510",19.44%,"53,066",$119.41,-0.53%,1.33%,2.09%,34.63%,7.47%,15.73%,"-$2,249,296,346.85",$0.00,$0.00,"-$1,296,272,655.30","-$817,730,582.10","$904,616,192.90",Large Cap Growth Equities,2005-01-24,0.25%,N/A,$1.34,2024-06-11,$0.26,1.15%,21.87,1.02,177,26.62%,40%,20%,1099,$113.43,$121.03,$119.13,$119.77,59.97,A,A-,B+,B+,B,A,N/A,8.31,99.89%,99.10%,49.62,0.11%,9.18%
XT,iShares Exponential Technologies ETF,"$3,460,810",-0.15%,"107,163",$59.62,-0.48%,2.26%,0.93%,16.87%,-2.30%,9.88%,"-$40,996,070.00",$0.00,$0.00,"-$92,060,820.00","-$240,683,625.00","-$190,710,905.00",Large Cap Growth Equities,2015-03-19,0.46%,N/A,$0.27,2024-06-11,$0.16,0.44%,21.89,1.02,191,9.27%,40%,20%,1099,$56.56,$60.43,$59.45,$59.89,55.12,B,A-,B-,B,B-,B-,B+,7.34,78.34%,82.79%,142.64,1.27%,13.99%
NUGO,Nuveen Growth Opportunities ETF,"$2,808,840",28.33%,"226,078",$32.66,0.31%,3.32%,3.32%,48.35%,N/A,N/A,"-$680,789,311.52","-$14,295,508.05","-$23,552,776.72","-$756,013,919.52","$2,192,077,783.48","$2,192,077,783.48",Large Cap Growth Equities,2021-09-27,0.56%,N/A,$0.05,2023-12-28,$0.01,0.15%,28.33,1.09,42,71.84%,40%,20%,1099,$29.95,$33.11,$32.62,$32.72,58.92,B-,A,B,C,C+,B,N/A,6.91,78.40%,65.57%,24.87,12.33%,13.17%
JGRO,JPMorgan Active Growth ETF,"$2,772,000",25.99%,"282,725",$76.97,0.09%,2.93%,3.64%,44.70%,N/A,N/A,"$1,563,039,000.00","$27,243,250.00","$188,390,750.00","$1,869,749,000.00","$2,298,233,750.00","$2,298,233,750.00",Large Cap Growth Equities,2022-08-08,0.44%,N/A,$0.10,2023-12-28,$0.01,0.14%,0.00,-1.23,103,53.67%,40%,20%,1099,$70.74,$77.89,$76.77,$77.20,60.45,B,A-,A-,N/A,C+,B-,N/A,6.72,53.02%,57.04%,23.02,9.49%,10.65%
BKLC,BNY Mellon US Large Cap Core Equity ETF,"$2,653,420",21.09%,"83,557",$108.75,-0.30%,1.91%,2.46%,36.65%,10.37%,N/A,"$165,199,000.00","-$13,029,600.00","$6,006,000.00","$300,738,800.00","$1,563,241,300.00","$1,837,770,520.00",Large Cap Growth Equities,2020-04-09,0.00%,N/A,$1.32,2024-07-01,$0.34,1.22%,18.53,1.03,506,33.78%,40%,20%,1099,$102.84,$109.85,$108.54,$109.06,61.12,A-,B,A+,N/A,B,B-,N/A,6.67,40.89%,55.03%,92.55,10.10%,7.03%
VTHR,Vanguard Russell 3000 ETF,"$2,642,740",19.42%,"15,626",$252.63,-0.44%,1.68%,2.40%,34.84%,8.68%,15.05%,"$304,289,000.00","$19,012,500.00","$31,351,000.00","$336,270,250.00","$945,195,500.00","$1,255,293,000.00",Large Cap Growth Equities,2010-09-20,0.10%,Vanguard,$3.08,2024-06-27,$0.78,1.22%,19.00,1.03,2961,29.63%,40%,20%,1099,$239.09,$255.70,$252.10,$253.51,59.92,A-,B,A-,B-,B,B+,A,6.57,24.54%,50.46%,97.39,9.98%,7.08%
USMC,Principal U.S. Mega-Cap ETF,"$2,527,690",22.15%,"69,680",$56.78,-0.02%,1.74%,2.68%,34.54%,12.80%,16.18%,"$56,243,398.00","$5,648,614.00","$15,640,666.00","$465,566,596.00","-$187,852,799.00","-$142,242,459.00",Large Cap Growth Equities,2017-10-12,0.12%,N/A,$0.64,2024-07-01,$0.16,1.13%,15.46,0.92,26,50.74%,40%,20%,1099,$54.08,$57.21,N/A,N/A,62.25,A,B+,A-,A-,A,A-,N/A,6.08,5.66%,38.18%,38.07,8.78%,4.22%
GSUS,Goldman Sachs MarketBeta U.S. Equity ETF,"$2,436,490",20.91%,"83,274",$78.31,-0.24%,1.79%,2.49%,35.94%,9.58%,N/A,"$317,570,500.00","$3,855,000.00","$23,220,000.00","$824,670,500.00","$1,462,961,000.00","$1,771,184,000.00",Large Cap Growth Equities,2020-05-12,0.07%,N/A,$0.93,2024-09-24,$0.23,1.19%,20.40,0.99,456,34.52%,40%,20%,1099,$74.09,$79.10,$78.17,$78.52,61.44,A-,B+,A,N/A,B,B-,N/A,6.68,41.32%,55.15%,89.67,10.20%,7.08%
SPMO,Invesco S&P 500® Momentum ETF,"$2,401,830",39.76%,"957,818",$91.25,0.10%,3.36%,3.21%,61.00%,14.68%,19.20%,"$1,865,561,190.00","$23,198,670.00","$17,163,030.00","$1,906,626,880.00","$2,040,335,050.00","$2,025,621,300.00",Large Cap Growth Equities,2015-10-09,0.13%,N/A,$0.43,2024-09-23,$0.07,0.47%,17.92,0.89,100,57.12%,40%,20%,1099,$84.07,$92.18,$91.04,$91.46,60.77,B+,B-,A-,B+,B,B+,C+,6.76,61.43%,59.05%,45.8,13.40%,12.03%
ILCG,iShares Morningstar Growth ETF,"$2,312,420",24.26%,"100,203",$84.08,0.02%,2.88%,3.67%,42.88%,7.62%,17.65%,"-$49,361,906.30",$0.00,"-$4,097,818.45","-$36,345,208.75","-$268,122,105.35","-$1,713,206,546.35",Large Cap Growth Equities,2004-06-28,0.04%,N/A,$0.45,2024-06-11,$0.08,0.53%,27.69,1.07,391,53.87%,40%,20%,1099,$77.60,$85.08,$83.88,$84.29,59.99,N/A,B+,A,N/A,C+,N/A,N/A,6.96,81.37%,67.71%,36.53,9.56%,11.94%
IYY,iShares Dow Jones U.S. ETF,"$2,209,700",19.59%,"40,520",$138.66,-0.60%,1.47%,2.10%,34.63%,8.81%,15.01%,"$126,847,799.45",$0.00,"$140,966,210.10","$105,788,438.85","$73,010,759.95","$13,552,594.95",Large Cap Growth Equities,2000-06-12,0.20%,N/A,$1.53,2024-06-11,$0.32,1.10%,19.13,1.02,1030,31.73%,40%,20%,1099,$131.64,$140.46,$138.37,$139.04,59.70,A-,B+,B+,B-,B+,A,A,6.64,33.95%,53.01%,96.67,10.23%,7.21%
AIQ,Global X Artificial Intelligence & Technology ETF,"$2,197,530",17.32%,"430,055",$36.54,-0.30%,4.28%,5.00%,37.97%,5.45%,18.55%,"$1,046,801,867.08","-$219,273.11","$108,374.85","$1,274,922,837.29","$1,696,431,575.86","$1,780,610,455.33",Large Cap Growth Equities,2018-05-11,0.68%,N/A,$0.06,2024-06-27,$0.04,0.17%,25.01,1.13,85,33.55%,40%,20%,1099,$33.32,$36.68,$36.41,$36.68,60.94,B-,B,C,A,C,C+,N/A,6.9,55.39%,64.88%,24.6,6.65%,5.83%
FBCG,Fidelity Blue Chip Growth ETF,"$2,128,410",28.16%,"528,574",$42.69,0.05%,3.19%,3.14%,49.98%,7.76%,N/A,"$764,302,081.38","$31,568,298.48","$33,695,991.46","$899,579,529.63","$1,249,943,796.58","$1,638,980,921.58",Large Cap Growth Equities,2020-06-03,0.59%,N/A,$0.01,2024-09-20,$0.00,0.03%,24.55,1.31,216,62.10%,40%,20%,1099,$39.03,$43.18,$42.56,$42.85,58.74,C+,B+,C+,N/A,C,C,N/A,6.54,22.28%,49.59%,30.3,10.88%,12.86%
DSTL,Distillate US Fundamental Stability & Value ETF,"$2,066,410",14.47%,"90,106",$56.13,-1.18%,0.39%,0.88%,27.87%,11.57%,16.75%,"$287,754,347.50","$5,636,880.00","$13,925,830.00","$399,806,510.00","$1,256,829,332.50","$1,513,344,645.00",Large Cap Growth Equities,2018-10-24,0.39%,N/A,$0.72,2024-06-26,$0.20,1.27%,0.04,0.98,102,21.89%,40%,20%,1099,$54.24,$57.10,$55.91,$56.51,57.96,A-,B+,B,B+,A,B-,N/A,6.78,63.79%,59.83%,45.88,8.22%,3.35%
QQEW,First Trust Nasdaq-100 Equal Weighted Index Fund,"$1,947,600",6.21%,"70,186",$124.30,-0.42%,1.53%,1.39%,22.17%,3.17%,14.03%,"-$440,430,900.00","-$30,728,150.00","-$43,021,650.00","-$330,603,300.00","$314,991,050.00","$471,405,300.00",Large Cap Growth Equities,2006-04-19,0.57%,N/A,$0.92,2024-06-27,$0.22,0.74%,24.74,1.05,102,10.60%,40%,20%,1099,$118.67,$126.07,N/A,N/A,55.15,B,B+,C+,A-,B-,C+,B-,6.98,82.51%,68.50%,109.42,4.96%,6.71%
SPYX,SPDR S&P 500 Fossil Fuel Reserves Free ETF,"$1,856,580",21.62%,"107,802",$46.81,-0.36%,1.78%,2.21%,36.78%,9.76%,15.63%,"$64,136,242.50","$4,194,113.52","$12,406,045.71","$34,776,827.07","$246,044,571.67","$730,145,890.41",Large Cap Growth Equities,2015-11-30,0.20%,N/A,$0.50,2024-09-23,$0.12,1.06%,18.49,0.99,491,35.45%,40%,20%,1099,$44.35,$47.25,N/A,N/A,61.50,A-,B,B+,A-,B+,B+,A-,6.72,54.16%,57.24%,92.11,11.19%,7.52%
RPG,Invesco S&P 500® Pure Growth ETF,"$1,642,080",21.49%,"229,883",$39.16,-0.33%,3.56%,4.94%,31.55%,-0.57%,11.27%,"-$445,755,630.00","-$5,815,550.00","-$7,765,140.00","-$574,724,120.00","-$1,365,223,380.00","-$2,023,815,750.00",Large Cap Growth Equities,2006-03-01,0.35%,Charles Schwab,$0.15,2024-09-23,$0.02,0.38%,10.63,1.13,68,27.03%,40%,20%,1099,$35.16,$39.65,$39.05,$39.33,62.54,B-,A-,B,C,C,C+,B-,6.74,57.97%,58.19%,189.53,6.05%,5.59%
EFIV,SPDR S&P 500 ESG ETF,"$1,575,680",20.62%,"129,645",$55.21,-0.22%,1.80%,1.57%,35.30%,11.44%,N/A,"$247,013,622.97","$2,764,357.50","$12,190,429.05","$310,451,998.38","$885,967,372.90","$1,179,366,190.10",Large Cap Growth Equities,2020-07-27,0.10%,N/A,$0.67,2024-09-20,$0.17,1.20%,17.75,1.03,318,41.83%,40%,20%,1099,$52.56,$55.75,$55.10,$55.35,59.44,B+,B,A-,N/A,B+,B-,N/A,7.0,83.98%,69.50%,68.47,1.83%,8.89%
IWL,iShares Russell Top 200 ETF,"$1,507,840",22.01%,"79,137",$139.72,-0.43%,1.82%,2.23%,36.73%,10.77%,16.86%,"$130,048,714.75","-$6,994,378.95","-$13,687,994.40","$258,210,761.95","$250,436,800.20","$578,965,360.20",Large Cap Growth Equities,2009-09-22,0.15%,N/A,$1.49,2024-06-11,$0.32,1.06%,20.26,0.99,200,40.48%,40%,20%,1099,$132.34,$141.33,N/A,N/A,59.93,A-,A-,B+,A-,B+,B+,B+,6.63,33.87%,52.97%,76.92,11.47%,7.30%
NULG,Nuveen ESG Large-Cap Growth ETF,"$1,506,730",18.90%,"54,760",$82.60,0.45%,2.70%,2.62%,39.77%,8.32%,19.10%,"$77,248,378.59",$0.00,"$8,018,720.34","$46,669,188.59","$359,679,173.59","$881,558,943.59",Large Cap Growth Equities,2016-12-13,0.26%,N/A,$0.30,2023-12-28,$0.04,0.36%,33.94,1.12,60,52.37%,40%,20%,1099,$76.76,$83.53,$82.40,$82.81,58.82,A-,B+,B+,A,C+,A,B,7.66,98.31%,90.92%,19.31,0.00%,12.91%
SNPE,Xtrackers S&P 500 ESG ETF,"$1,442,530",20.73%,"225,195",$52.12,-0.19%,1.77%,1.69%,35.41%,11.44%,17.03%,"$265,682,850.00","$7,800,150.00","$61,344,700.00","$303,812,150.00","$404,175,150.00","$933,467,100.00",Large Cap Growth Equities,2019-06-26,0.10%,N/A,$0.61,2024-09-20,$0.15,1.16%,0.03,1.01,319,41.88%,40%,20%,1099,$49.58,$52.61,$51.99,$52.27,59.63,A,A-,A-,N/A,B+,B+,N/A,7.02,86.48%,70.79%,67.69,1.76%,9.34%
ARKW,ARK Next Generation Internet ETF,"$1,421,470",11.94%,"127,334",$84.96,-0.70%,4.44%,8.49%,62.85%,-15.96%,12.93%,"-$509,818,350.00","-$8,496,800.00","-$32,031,450.00","-$496,932,100.00","-$1,819,499,150.00","$1,819,643,150.00",Large Cap Growth Equities,2014-09-30,0.87%,N/A,$0.00,2021-12-29,$3.31,0.00%,0.00,1.55,39,62.27%,40%,20%,1099,$73.67,$86.40,$84.67,$85.50,61.57,C+,A,C,C,C,B,C,4.95,20.28%,22.24%,12.54,5.47%,2.02%
QUS,SPDR MSCI USA StrategicFactors ETF,"$1,408,480",19.12%,"22,658",$156.33,-0.29%,0.86%,1.08%,31.73%,9.98%,13.93%,"$88,186,970.69",$0.00,$0.00,"$115,595,739.16","$122,905,221.07","$357,601,438.46",Large Cap Growth Equities,2015-04-16,0.15%,N/A,$2.18,2024-06-03,$0.97,1.39%,17.05,0.92,595,21.86%,40%,20%,1099,$151.60,$158.00,$156.07,$156.75,59.45,A,B,A-,B+,A,A,A-,6.76,61.59%,59.09%,121.09,7.64%,5.36%
FLQL,Franklin U.S. Large Cap Multifactor Index ETF,"$1,352,900",22.11%,"55,640",$57.83,-0.17%,1.83%,2.14%,36.57%,11.76%,14.14%,"-$47,071,000.00","-$600,000.00","$21,620,000.00","$129,764,000.00","-$59,665,000.00","-$557,229,000.00",Large Cap Growth Equities,2017-04-26,0.29%,N/A,$0.65,2024-09-20,$0.17,1.12%,17.13,0.92,215,33.42%,40%,20%,1099,$54.48,$58.49,$57.74,$57.98,60.46,A,B+,A-,B-,A,A,N/A,6.66,38.60%,54.19%,57.14,6.63%,7.92%
PDP,Invesco Dorsey Wright Momentum ETF,"$1,280,310",20.35%,"15,002",$102.86,-0.30%,2.11%,2.84%,35.35%,3.32%,11.28%,"-$62,619,350.00","-$1,027,090.00","-$6,916,960.00","-$133,954,150.00","-$585,802,410.00","-$946,478,570.00",Large Cap Growth Equities,2007-03-01,0.62%,Charles Schwab,$0.15,2024-03-18,$0.03,0.15%,15.11,1.02,101,24.96%,40%,20%,1099,$94.69,$104.75,N/A,N/A,60.09,B-,B+,C+,B,B-,C,C+,6.38,10.94%,44.84%,101.93,5.44%,2.16%
FCOM,Fidelity MSCI Communication Services Index ETF,"$1,227,550",22.79%,"94,337",$54.30,-0.24%,2.11%,4.00%,39.72%,0.40%,11.32%,"$154,998,850.00","$2,721,835.00","-$7,548,040.00","$184,481,695.00","$220,164,415.00","$434,801,750.00",Large Cap Growth Equities,2013-10-21,0.08%,Fidelity,$0.48,2024-09-20,$0.16,0.89%,18.47,1.02,109,71.31%,40%,20%,1099,$49.99,$54.90,$54.17,$54.56,63.95,B,A-,A,B,B-,B-,C,4.33,19.79%,10.58%,12.5,0.00%,0.19%
QQQE,Direxion NASDAQ-100 Equal Weighted Index Shares,"$1,175,750",6.29%,"333,137",$89.43,-0.33%,1.62%,1.57%,22.46%,3.39%,14.28%,"$15,170,450.00","-$44,360,900.00","-$187,937,800.00","$181,383,500.00","$622,030,350.00","$665,940,600.00",Large Cap Growth Equities,2012-03-21,0.35%,Charles Schwab,$0.78,2024-09-24,$0.16,0.87%,0.03,1.05,102,10.59%,40%,20%,1099,$85.29,$90.64,N/A,N/A,55.72,B,A-,B,A-,C+,B-,B-,6.95,81.01%,67.43%,115.48,5.06%,6.26%
USXF,iShares ESG Advanced MSCI USA ETF,"$1,168,660",23.25%,"61,528",$48.87,-0.39%,2.15%,1.56%,43.57%,10.38%,N/A,"$143,152,473.90","$4,840,983.20","$14,264,176.80","$168,417,671.20","$465,869,806.45","$856,776,826.45",Large Cap Growth Equities,2020-06-16,0.10%,N/A,$0.49,2024-06-11,$0.09,1.00%,22.40,1.03,349,30.90%,40%,20%,1099,$45.81,$49.57,$48.72,$49.04,57.88,B+,B+,A-,N/A,B,B-,N/A,7.74,98.83%,92.59%,61.96,0.57%,17.86%
FTC,First Trust Large Cap Growth AlphaDEX Fund,"$1,158,620",19.36%,"19,309",$130.70,-0.10%,2.50%,3.88%,37.01%,4.25%,13.91%,"-$62,328,650.00",$0.00,"$12,720,200.00","-$149,474,300.00","-$249,014,300.00","-$499,969,050.00",Large Cap Growth Equities,2007-05-08,0.60%,N/A,$0.40,2024-06-27,$0.05,0.30%,15.60,1.04,188,10.54%,40%,20%,1099,$120.56,$131.92,$130.13,$131.42,64.43,B-,B,C+,B-,B-,C+,B,6.47,16.38%,47.16%,155.08,9.52%,5.50%
JMOM,JPMorgan U.S. Momentum Factor ETF,"$1,139,420",25.05%,"61,026",$56.89,-0.05%,2.50%,3.52%,40.69%,8.71%,15.72%,"$613,625,750.00","$500,250.00","$12,774,250.00","$653,104,750.00","$750,921,250.00","$805,119,250.00",Large Cap Growth Equities,2017-11-08,0.12%,N/A,$0.44,2024-09-24,$0.11,0.78%,16.42,1.00,275,18.86%,40%,20%,1099,$52.88,$57.41,$56.77,$57.04,63.84,B,B,A-,B-,B-,B,N/A,6.62,31.34%,52.27%,105.8,9.01%,5.27%
SUSL,iShares ESG MSCI USA Leaders ETF,"$1,124,840",20.28%,"28,172",$100.98,-0.37%,1.45%,1.96%,35.93%,10.14%,16.11%,"-$197,064,733.30","$15,149,976.20","$20,100,159.85","-$279,714,309.00","-$3,016,384,909.70","-$1,810,944,394.70",Large Cap Growth Equities,2019-05-07,0.10%,N/A,$1.07,2024-06-11,$0.22,1.06%,21.87,1.00,295,41.46%,40%,20%,1099,$95.30,$102.40,N/A,N/A,58.35,A,A-,A-,N/A,B+,B+,N/A,7.62,97.99%,90.24%,58.35,0.91%,11.67%
IYC, iShares U.S. Consumer Discretionary ETF,"$1,111,870",16.30%,"147,815",$87.88,-0.49%,2.86%,6.28%,33.41%,3.91%,10.81%,"$69,594,125.90","$65,142,250.50","-$33,974,126.65","$122,566,136.15","-$270,587,722.90","-$315,481,332.90",Large Cap Growth Equities,2000-06-12,0.39%,N/A,$0.51,2024-06-11,$0.10,0.58%,22.51,1.13,177,51.66%,40%,20%,1099,$80.43,$88.50,N/A,N/A,65.73,B,A-,B,C+,C+,A-,B,6.01,42.93%,36.86%,52.7,15.89%,0.60%
ILCB,iShares Morningstar U.S. Equity ETF,"$1,092,500",20.37%,"49,420",$78.71,-0.59%,1.51%,2.07%,35.47%,9.27%,15.03%,"$83,743,763.10","$3,945,478.15","$11,532,389.45","$87,030,695.30","-$27,175,086.90","-$930,702,454.40",Large Cap Growth Equities,2004-06-28,0.03%,N/A,$0.97,2024-06-11,$0.20,1.22%,19.53,1.01,618,33.06%,40%,20%,1099,$74.74,$79.71,$78.54,$78.91,59.55,N/A,B-,A,N/A,B,N/A,N/A,6.66,37.49%,53.93%,94.4,10.52%,7.08%
USSG,Xtrackers MSCI USA ESG Leaders Equity ETF,"$1,057,270",20.70%,"30,737",$52.98,0.00%,1.91%,2.22%,36.40%,10.24%,16.19%,"-$110,827,450.00",$0.00,"-$2,503,000.00","-$467,760,950.00","-$2,906,826,750.00","-$1,783,411,850.00",Large Cap Growth Equities,2019-03-07,0.09%,N/A,$0.65,2024-09-20,$0.16,1.23%,0.03,0.99,297,41.18%,40%,20%,1099,$49.83,$53.57,$52.89,$53.12,59.77,A-,B+,A-,B+,B+,B+,N/A,7.64,98.18%,90.68%,56.57,0.85%,12.28%
FQAL,Fidelity Quality Factor ETF,"$1,049,590",19.61%,"42,889",$64.43,-0.29%,1.80%,1.97%,32.72%,9.15%,14.71%,"$501,709,285.95","-$3,220,260.95","-$6,326,837.85","$546,592,330.05","$661,623,052.15","$662,474,392.15",Large Cap Growth Equities,2016-09-12,0.15%,N/A,$0.72,2024-09-20,$0.20,1.11%,16.83,0.98,130,34.59%,40%,20%,1099,$61.19,$65.07,$64.29,$64.62,61.12,B+,B,B,B-,A-,A-,B-,6.73,56.04%,57.82%,117.17,6.63%,7.88%
TMFC,Motley Fool 100 Index ETF,"$1,017,670",25.71%,"103,026",$56.13,0.09%,2.58%,3.03%,43.89%,10.81%,20.60%,"$197,146,000.00","$8,375,500.00","$39,922,000.00","$236,714,750.00","$274,512,750.00","$428,404,750.00",Large Cap Growth Equities,2018-01-29,0.50%,N/A,$0.06,2023-12-13,$0.06,0.11%,0.03,1.08,102,56.22%,40%,20%,1099,$52.58,$56.56,$56.01,$56.24,61.31,B,B,B-,A,B-,C+,N/A,6.55,22.85%,49.81%,37.35,10.13%,8.38%
CRBN,iShares MSCI ACWI Low Carbon Target ETF,"$1,004,680",18.39%,"7,865",$194.30,-0.37%,2.05%,2.28%,32.43%,6.72%,12.14%,"-$9,028,180.00",$0.00,$0.00,"-$65,260,655.00","-$138,396,345.00","$244,567,025.00",Large Cap Growth Equities,2014-12-09,0.20%,N/A,$3.33,2024-06-11,$1.49,1.71%,16.58,0.94,1049,21.50%,40%,20%,1099,$184.27,$195.86,$193.90,$195.04,61.16,A-,B,B+,C+,A-,B+,A,6.87,28.66%,63.90%,49.68,8.16%,7.89%
EPS,WisdomTree U.S. LargeCap Fund,"$999,086",19.39%,"39,634",$59.38,-0.74%,0.97%,1.56%,32.02%,9.65%,14.22%,"$98,195,405.00","$8,954,665.00","$17,572,800.00","$109,849,390.00","$204,620,770.00","$356,735,195.00",Large Cap Growth Equities,2007-02-23,0.08%,E*TRADE,$0.88,2024-06-25,$0.22,1.48%,14.61,1.00,501,34.04%,40%,20%,1099,$56.76,$60.26,$59.28,$59.53,58.71,A,B,A,B-,A-,A,A-,6.41,12.27%,45.57%,90.24,10.25%,4.45%
RECS,Columbia Research Enhanced Core ETF,"$993,682",21.40%,"262,946",$33.64,-0.53%,1.42%,1.36%,35.80%,11.17%,N/A,"$583,934,575.00","$26,928,500.00","$61,136,750.00","$617,165,525.00","$819,903,450.00","$810,500,879.40",Large Cap Growth Equities,2019-09-25,0.15%,N/A,$0.28,2023-12-18,$0.28,0.82%,15.86,0.99,369,44.30%,40%,20%,1099,$32.03,$34.07,N/A,N/A,59.44,A-,B-,A-,N/A,A-,B,N/A,6.63,33.00%,52.72%,98.61,9.74%,8.21%
JHML,John Hancock Multifactor Large Cap ETF,"$950,121",17.67%,"27,957",$68.85,-0.42%,1.43%,2.18%,32.11%,8.47%,14.10%,"$38,966,335.00",$0.00,"$9,823,625.00","-$9,414,380.00","$40,844,697.50","-$445,794,480.00",Large Cap Growth Equities,2015-09-28,0.29%,N/A,$0.81,2024-06-26,$0.34,1.16%,17.95,1.01,772,20.95%,40%,20%,1099,$65.47,$69.61,$68.73,$69.05,61.04,A-,B,B,C+,A-,A-,A,6.7,47.12%,56.08%,125.77,9.64%,5.60%
PWB,Invesco Large Cap Growth ETF,"$937,166",27.03%,"19,083",$98.70,0.05%,2.96%,4.21%,46.78%,8.46%,15.67%,"$28,269,280.00",$0.00,"$4,134,570.00","$24,087,510.00","-$66,525,630.00","-$339,154,290.00",Large Cap Growth Equities,2005-03-03,0.56%,N/A,$0.14,2024-03-18,$0.01,0.14%,22.28,1.01,51,33.89%,40%,20%,1099,$91.30,$99.59,$98.55,$98.94,63.63,C+,B,C+,B-,C+,C,C+,6.87,75.41%,63.72%,53.99,10.91%,5.44%
CATH,Global X S&P 500 Catholic Values Custom ETF,"$909,916",19.03%,"30,748",$68.75,-0.15%,1.81%,2.31%,33.44%,8.64%,14.93%,"-$4,688,288.07","-$7,163,063.60","-$13,315,693.61","$5,921,304.93","$152,987,336.90","$274,242,421.01",Large Cap Growth Equities,2016-04-18,0.29%,N/A,$0.67,2024-06-27,$0.26,0.98%,17.65,1.01,437,33.66%,40%,20%,1099,$65.11,$69.40,$68.57,$68.93,61.13,B+,B+,B,B,B+,B,A-,6.83,71.03%,62.05%,100.84,4.52%,7.48%
QGRO,American Century U.S. Quality Growth ETF ,"$899,472",19.49%,"51,194",$90.67,-0.48%,2.11%,3.22%,36.78%,7.09%,17.60%,"-$73,523,397.50","-$2,220,442.50","$18,161,520.00","$3,129,737.50","$415,552,955.00","$520,443,085.00",Large Cap Growth Equities,2018-09-10,0.29%,N/A,$0.30,2024-09-23,$0.08,0.33%,17.98,1.08,184,25.67%,40%,20%,1099,$84.65,$91.72,$90.43,$91.01,62.37,B-,C+,B,B,C+,C+,N/A,6.75,60.17%,58.63%,28.04,3.80%,9.27%
ARKF,ARK Fintech Innovation ETF,"$891,978",7.36%,"409,598",$29.61,-0.94%,2.56%,5.94%,59.19%,-17.13%,6.88%,"-$340,358,400.00","-$4,433,400.00","-$14,093,250.00","-$347,083,550.00","-$1,149,141,618.21","$2,093,349,281.79",Large Cap Growth Equities,2019-02-04,0.75%,N/A,$0.00,2020-12-29,$0.18,0.00%,0.00,1.50,36,53.63%,40%,20%,1099,$26.30,$30.26,$29.49,$29.85,60.80,B-,A,C,B+,C,C+,N/A,5.25,22.49%,25.40%,9.83,5.80%,1.53%
SFY,SoFi Select 500 ETF,"$886,396",23.17%,"237,320",$20.76,0.05%,2.87%,2.98%,38.44%,9.22%,16.61%,"$141,458,395.00","$6,200,590.00","$17,079,605.00","$172,092,770.00","$382,056,390.00","$578,368,465.00",Large Cap Growth Equities,2019-04-11,0.05%,N/A,$0.22,2024-06-26,$0.10,1.12%,0.04,1.02,502,43.22%,40%,20%,1099,$19.27,$20.94,$20.72,$20.81,61.13,A-,A-,A,N/A,B-,B,N/A,6.86,74.10%,63.31%,66.14,15.68%,14.13%
GSEW,Goldman Sachs Equal Weight U.S. Large Cap Equity ETF,"$859,219",15.43%,"50,200",$76.65,-0.64%,0.99%,2.58%,31.17%,5.33%,12.02%,"$215,337,000.00",$0.00,"$25,938,000.00","$264,552,500.00","-$38,414,500.00","$437,900,500.00",Large Cap Growth Equities,2017-09-12,0.09%,N/A,$1.16,2024-09-24,$0.25,1.52%,17.62,1.05,495,2.53%,40%,20%,1099,$73.00,$77.63,$76.39,$77.02,61.29,A-,B,A-,B-,B+,A-,N/A,6.77,62.84%,59.48%,182.51,8.76%,5.41%
OUSA,ALPS O'Shares U.S. Quality Dividend ETF,"$816,485",17.08%,"31,669",$53.31,-0.45%,0.63%,2.11%,28.80%,9.46%,11.20%,"$6,501,250.00",$0.00,"-$5,259,000.00","$10,704,000.00","-$48,879,765.00","$12,273,090.00",Large Cap Growth Equities,2015-07-14,0.48%,N/A,$0.81,2024-09-19,$0.06,1.52%,0.04,0.85,102,43.73%,40%,20%,1099,$51.55,$53.93,$53.19,$53.51,61.87,B+,B+,B-,C+,A,A,B,6.85,64.66%,62.91%,66.84,7.60%,0.99%
PNQI,Invesco NASDAQ Internet ETF,"$801,323",19.63%,"59,452",$43.15,-0.39%,4.10%,5.97%,43.08%,-4.81%,10.55%,"-$30,001,600.00","-$1,278,120.00","-$9,678,500.00","$11,994,550.00","-$116,174,590.00","-$37,553,980.00",Large Cap Growth Equities,2008-06-12,0.60%,N/A,$0.00,2017-12-18,$0.03,0.00%,47.55,1.15,79,59.76%,40%,20%,1099,$39.14,$43.35,$43.06,$43.30,64.80,C+,B-,C+,B+,C,C,C+,5.81,28.11%,32.90%,13.84,8.94%,0.07%
TCHP,T. Rowe Price Blue Chip Growth ETF,"$775,024",28.08%,"123,134",$39.64,0.10%,2.83%,3.12%,47.61%,5.70%,N/A,"$164,498,205.35","$4,660,784.80","$34,954,402.02","$202,458,583.70","$390,785,351.08","$571,689,339.72",Large Cap Growth Equities,2020-08-04,0.57%,N/A,$0.00,2021-12-20,$0.01,0.00%,1.98,1.14,76,65.24%,40%,20%,1099,$36.65,$40.10,$39.56,$39.75,59.80,C+,B+,C+,N/A,C,C,N/A,6.71,50.03%,56.53%,24.12,9.88%,11.12%
SPUS,SP Funds S&P 500 Sharia Industry Exclusions ETF,"$760,339",22.06%,"166,645",$41.52,-0.12%,2.75%,2.80%,36.38%,11.98%,N/A,"$274,968,750.00","$12,252,045.00","$39,202,505.00","$307,818,052.50","$511,724,832.50","$589,891,105.00",Large Cap Growth Equities,2019-12-18,0.45%,N/A,$0.30,2024-08-27,$0.03,0.72%,0.03,0.99,229,54.00%,40%,20%,1099,$38.72,$41.89,$41.40,$41.63,59.76,B,B,B-,N/A,B-,B+,N/A,6.8,67.55%,60.91%,51.47,6.85%,10.15%
FPX,First Trust US Equity Opportunities ETF,"$732,318",14.80%,"18,645",$110.07,-0.04%,2.81%,7.83%,35.29%,-5.07%,8.05%,"-$114,071,950.00",$0.00,"-$10,223,500.00","-$173,074,850.00","-$895,306,500.00","-$870,750,600.00",Large Cap Growth Equities,2006-04-12,0.59%,N/A,$0.09,2024-03-21,$0.01,0.08%,11.59,1.09,101,46.29%,40%,20%,1099,$96.64,$112.30,$109.89,$110.43,66.73,C+,B+,C+,C,C,C+,B-,5.62,2.64%,30.23%,79.42,8.48%,11.47%
PFM,Invesco Dividend Achievers™ ETF,"$721,089",16.98%,"25,882",$46.08,-0.41%,0.58%,1.88%,28.33%,9.81%,11.61%,"-$6,282,620.00","$1,855,520.00","$16,453,010.00","-$35,776,270.00","-$81,758,070.00","$149,281,440.00",Large Cap Growth Equities,2005-09-15,0.52%,N/A,$0.75,2024-09-23,$0.17,1.63%,16.60,0.83,423,27.50%,40%,20%,1099,$44.60,$46.59,$45.96,$46.25,61.78,A-,B+,B-,B+,A,A,B+,6.77,54.89%,59.26%,130.2,8.32%,1.86%
TDVG,T. Rowe Price Dividend Growth ETF,"$709,094",15.87%,"70,757",$40.66,-0.34%,0.62%,0.62%,27.81%,8.50%,N/A,"$287,191,916.22","$1,224,820.08","$19,735,879.19","$304,406,033.26","$503,168,322.36","$577,711,442.16",Large Cap Growth Equities,2020-08-04,0.50%,N/A,$0.44,2024-06-26,$0.08,1.08%,2.26,0.87,104,27.51%,40%,20%,1099,$39.68,$41.09,$40.56,$40.81,58.29,B,B-,B-,N/A,A,C+,N/A,6.78,63.82%,59.84%,121.39,6.48%,2.86%
QQQJ,Invesco NASDAQ Next Gen 100 ETF,"$671,471",10.89%,"111,571",$29.72,-0.77%,1.62%,3.02%,23.57%,-3.94%,N/A,"-$84,226,410.00","-$3,853,720.00","-$6,399,940.00","-$113,361,890.00","-$319,708,530.00","$688,117,150.00",Large Cap Growth Equities,2020-10-13,0.15%,N/A,$0.25,2024-09-23,$0.05,0.82%,17.78,1.10,104,20.30%,40%,20%,1099,$27.73,$30.11,$29.62,$29.87,60.51,B,A-,A-,N/A,C+,C,N/A,6.79,95.10%,60.23%,125.99,4.76%,13.57%
KRMA,Global X Conscious Companies ETF,"$644,992",16.49%,"28,829",$38.76,-0.33%,1.68%,1.60%,32.14%,7.23%,13.16%,"-$56,767,909.56","-$50,403.69","-$36,997,105.79","-$49,022,651.31","-$35,706,766.59","$282,611,783.32",Large Cap Growth Equities,2016-07-11,0.43%,N/A,$0.38,2024-06-27,$0.14,0.98%,17.30,1.03,167,25.89%,40%,20%,1099,$36.98,$39.20,$38.68,$38.84,59.26,B,B,B,C+,B+,B,B,7.27,93.91%,80.42%,33.51,4.73%,7.38%
KOKU,Xtrackers MSCI Kokusai Equity ETF,"$608,748",18.43%,"1,235",$99.94,-0.21%,1.65%,1.85%,32.97%,8.43%,N/A,"-$13,329,720.00",$0.00,"-$1,969,620.00","-$31,753,850.00","-$299,661,750.00","$256,822,400.00",Large Cap Growth Equities,2020-04-08,0.09%,N/A,$1.59,2024-09-20,$0.42,1.59%,0.06,1.02,1215,24.95%,40%,20%,1099,$94.97,$100.91,$99.94,$99.94,60.28,B+,B-,A,N/A,A-,C+,N/A,6.95,35.26%,67.09%,96.09,10.36%,7.95%
XLSR,SPDR SSGA US Sector Rotation ETF,"$603,779",12.91%,"45,552",$51.38,-0.19%,1.55%,1.11%,25.77%,6.20%,12.60%,"$123,489,253.04","$2,059,034.31","$8,584,421.81","$199,934,819.41","$342,575,761.92","$461,978,205.79",Large Cap Growth Equities,2019-04-02,0.70%,N/A,$0.28,2024-09-24,$0.10,0.55%,0.05,0.94,7,100.00%,40%,20%,1099,$48.94,$52.03,$51.29,$51.51,56.59,B,B,C,N/A,A-,B+,N/A,6.78,63.90%,59.94%,53.58,6.17%,8.20%
SSUS,Day Hagan/Ned Davis Research Smart Sector ETF,"$601,626",15.77%,"40,032",$41.25,-0.29%,1.63%,2.31%,22.40%,6.78%,N/A,"-$96,787,750.00","-$6,187,000.00","-$7,145,250.00","-$44,898,750.00","$213,487,395.00","$448,993,755.00",Large Cap Growth Equities,2020-01-17,0.80%,N/A,$0.38,2023-12-27,$0.38,0.92%,0.05,0.79,14,94.82%,40%,20%,1099,$39.23,$41.70,N/A,N/A,60.01,B,B+,C,N/A,A,C+,N/A,0.0,N/A,N/A,N/A,N/A,N/A
HLAL,Wahed FTSE USA Shariah ETF,"$533,488",14.04%,"69,360",$51.79,-0.37%,1.73%,2.35%,26.35%,10.74%,16.99%,"$131,489,617.50","$1,336,545.00","$8,868,080.00","$149,892,110.00","$282,536,350.00","$384,906,417.50",Large Cap Growth Equities,2019-07-16,0.50%,N/A,$0.22,2024-06-27,$0.02,0.42%,0.05,1.05,204,53.53%,40%,20%,1099,$49.04,$52.43,$51.68,$51.92,58.49,B,B-,B-,N/A,B+,B,N/A,6.51,19.34%,48.38%,69.82,0.58%,3.07%
QGRW,WisdomTree U.S. Quality Growth Fund,"$491,503",24.63%,"68,125",$45.59,0.09%,3.05%,3.36%,45.34%,N/A,N/A,"$314,713,395.00","$2,238,220.00","$7,708,195.00","$365,152,392.50","$412,950,303.18","$412,950,303.18",Large Cap Growth Equities,2022-12-15,0.28%,N/A,$0.04,2023-12-22,$0.04,0.09%,30.89,-1.25,101,59.97%,40%,20%,1099,$42.00,$46.10,$45.44,$45.73,59.01,B+,B+,A-,N/A,A-,C+,N/A,6.8,66.54%,60.64%,22.87,5.46%,10.78%
ROUS,Hartford Multifactor US Equity ETF,"$457,014",17.74%,"22,245",$51.45,-0.45%,1.04%,1.34%,29.96%,9.78%,11.98%,"-$7,687,087.50",$0.00,"$6,178,985.00","-$39,460,497.50","-$41,378,457.50","-$13,622,202.50",Large Cap Growth Equities,2015-02-25,0.19%,N/A,$0.78,2024-06-27,$0.17,1.52%,16.10,0.93,349,11.07%,40%,20%,1099,$49.46,$52.07,$51.34,$51.67,60.09,A-,B+,B+,C+,A,A,B+,6.78,63.63%,59.75%,138.19,7.67%,3.79%
TTAC,FCF US Quality ETF,"$431,452",14.11%,"11,840",$64.40,-0.83%,0.94%,1.69%,27.05%,8.86%,14.65%,"$31,105,750.00",$0.00,"$1,589,250.00","$160,888,750.00","$162,573,000.00","$179,948,250.00",Large Cap Growth Equities,2016-09-27,0.59%,N/A,$0.31,2024-06-10,$0.11,0.48%,24.32,1.00,146,24.56%,40%,20%,1099,$61.68,$65.28,$64.34,$64.53,59.81,C+,C+,C+,C,A-,C+,C+,6.81,68.14%,61.14%,60.41,3.57%,3.60%
FWD,AB Disruptors ETF,"$422,531",25.16%,"25,505",$78.05,-0.41%,3.57%,2.76%,48.52%,N/A,N/A,"$156,665,596.00","$1,548,680.00","$14,757,317.00","$200,816,434.00","$326,117,807.00","$326,117,807.00",Large Cap Growth Equities,2023-03-22,0.65%,N/A,$0.00,N/A,N/A,0.00%,0.00,0.00,109,22.18%,40%,20%,1099,$71.73,$79.09,N/A,N/A,57.79,N/A,N/A,B,N/A,N/A,C+,N/A,6.87,28.73%,63.93%,119.2,9.32%,7.58%
LRGE,ClearBridge Large Cap Growth ESG ETF,"$384,398",22.35%,"11,340",$73.02,-0.18%,2.19%,2.58%,42.37%,8.58%,17.01%,"$148,838,267.64","$6,462.20","$6,901,543.87","$160,010,617.97","$177,373,797.29","$108,490,896.85",Large Cap Growth Equities,2017-05-22,0.48%,N/A,$0.06,2023-12-26,$0.06,0.09%,35.03,1.06,41,51.78%,40%,20%,1099,$69.06,$73.65,$72.92,$73.19,60.39,B-,B,C+,A,C+,C+,N/A,7.07,88.63%,72.93%,42.12,9.19%,9.24%
IXP,iShares Global Comm Services ETF,"$376,335",24.90%,"13,182",$92.73,-0.15%,2.65%,4.24%,38.23%,3.67%,11.47%,"$20,437,995.00",$0.00,$0.00,"$3,027,435.00","$17,367,890.00","-$44,331,615.00",Large Cap Growth Equities,2001-11-12,0.41%,N/A,$0.92,2024-06-11,$0.45,0.98%,18.41,0.86,67,72.46%,40%,20%,1099,$85.66,$93.40,$92.62,$92.95,65.08,B,B+,B,A-,B-,B,C,4.89,35.42%,21.33%,15.17,0.00%,0.35%
FNGS,MicroSectors FANG+ ETN,"$372,337",31.35%,"168,783",$49.57,-0.22%,3.08%,5.00%,57.52%,16.23%,N/A,"$119,511,392.96",$0.00,$0.00,"$156,280,438.54","$209,003,932.00","$185,687,879.44",Large Cap Growth Equities,2019-11-12,0.58%,N/A,$0.00,N/A,N/A,0.00%,0.03,1.18,10,100.00%,40%,20%,1099,$45.22,$50.38,$49.40,$49.81,56.42,C,B,C+,N/A,C,C,N/A,0.0,N/A,N/A,N/A,N/A,N/A
IQSU,IQ Candriam ESG U.S. Large Cap Equity ETF,"$371,266",13.61%,"11,952",$47.30,-0.21%,1.21%,1.72%,28.67%,8.41%,N/A,"-$56,150,841.00",$0.00,"-$10,323,974.25","-$40,494,519.25","-$192,730,874.00","$180,844,917.00",Large Cap Growth Equities,2019-12-17,0.09%,N/A,$0.51,2024-09-20,$0.14,1.08%,20.50,1.05,285,36.62%,40%,20%,1099,$45.16,$47.93,$47.26,$47.36,58.60,B+,B-,A-,N/A,B,B,N/A,7.15,91.27%,76.11%,69.62,1.88%,8.07%
JUST,Goldman Sachs JUST U.S. Large Cap Equity ETF,"$364,578",20.45%,"4,271",$81.17,-0.21%,1.55%,1.96%,35.62%,9.48%,15.45%,"-$9,741,250.00",$0.00,"-$1,996,250.00","$11,016,500.00","$25,057,750.00","$79,494,000.00",Large Cap Growth Equities,2018-06-07,0.20%,N/A,$0.95,2024-09-24,$0.22,1.16%,19.76,1.00,459,36.69%,40%,20%,1099,$77.07,$82.15,$81.00,$81.49,60.44,A-,B-,B+,B+,A-,B+,N/A,6.98,83.19%,68.89%,97.6,9.25%,7.81%
PALC,Pacer Lunt Large Cap Multi-Factor Alternator ETF,"$345,663",20.65%,"39,182",$49.27,-0.18%,0.69%,1.69%,35.00%,8.59%,N/A,"$1,805,500.00",$0.00,"$4,827,940.00","$26,742,690.00","$188,575,440.00","$279,063,585.58",Large Cap Growth Equities,2020-06-24,0.60%,N/A,$0.36,2024-06-27,$0.10,0.74%,0.04,0.95,177,23.54%,40%,20%,1099,$48.13,$49.67,$49.18,$49.38,56.92,B,B,C+,N/A,A,B-,N/A,6.93,79.52%,66.26%,37.87,9.36%,7.26%
BIBL, Inspire 100 ETF,"$343,408",15.86%,"53,611",$40.25,-0.98%,1.34%,1.87%,30.93%,3.14%,12.38%,"-$36,683,500.00","$2,044,000.00","-$5,976,000.00","-$23,459,500.00","$76,750,500.00","$208,755,000.00",Large Cap Growth Equities,2017-10-30,0.35%,N/A,$0.37,2024-06-25,$0.10,0.91%,26.85,1.03,102,31.15%,40%,20%,1099,$38.11,$40.91,$40.08,$40.51,57.95,B,B,B,C+,B-,A,N/A,6.6,28.48%,51.55%,144.02,3.22%,6.61%
NUSI,Nationwide Nasdaq-100 Risk-Managed Income ETF,"$338,062",19.87%,"63,035",$25.49,-0.82%,2.25%,2.55%,36.35%,4.42%,N/A,"-$124,815,000.00","-$2,562,420.00","-$7,546,465.00","-$153,821,665.00","-$139,588,745.00","$504,399,455.00",Large Cap Growth Equities,2019-12-19,0.68%,N/A,$1.80,2024-08-21,$0.16,7.22%,0.03,0.51,105,49.74%,40%,20%,1099,$24.16,$25.81,$25.42,$25.61,59.56,A,A-,C,N/A,A+,A,N/A,6.8,85.14%,60.92%,59.57,6.88%,9.35%
QLC,FlexShares US Quality Large Cap Index Fund,"$316,453",22.48%,"33,502",$64.42,-0.20%,1.76%,1.89%,37.11%,10.90%,15.25%,"$100,212,390.00","$79,196,660.00","$82,269,455.00","$111,571,100.00","$120,179,205.00","$179,523,795.00",Large Cap Growth Equities,2015-09-24,0.25%,N/A,$0.63,2024-09-20,$0.13,0.98%,21.31,1.01,164,35.10%,40%,20%,1099,$61.05,$65.12,$64.32,$64.59,60.80,B,B-,B,C,A-,B+,B-,6.75,59.19%,58.48%,105.36,11.27%,6.24%
GVIP,Goldman Sachs Hedge Industry VIP ETF,"$298,625",24.59%,"11,125",$119.41,-0.06%,2.91%,4.57%,41.67%,5.35%,16.45%,"$97,156,750.00",$0.00,"$2,787,500.00","$97,687,500.00","$56,121,750.00","$122,248,000.00",Large Cap Growth Equities,2016-11-01,0.45%,N/A,$0.74,2023-12-26,$0.74,0.62%,20.20,1.11,51,22.21%,40%,20%,1099,$109.96,$120.31,$119.19,$119.62,65.28,C,C+,B-,C+,C+,C,C,6.21,6.99%,40.99%,229.7,11.73%,3.38%
FDMO,Fidelity Momentum Factor ETF,"$297,108",25.39%,"35,448",$66.03,-0.17%,2.45%,3.63%,43.28%,9.97%,14.53%,"$89,114,310.20","$3,296,872.25","$53,270,137.75","$91,365,813.10","$119,430,258.70","$63,180,538.70",Large Cap Growth Equities,2016-09-12,0.15%,N/A,$0.43,2024-09-20,$0.13,0.65%,20.19,0.96,130,33.90%,40%,20%,1099,$60.59,$67.04,$65.83,$66.38,61.35,B-,B-,B,C+,B-,B-,B-,6.68,40.97%,55.05%,97.75,10.43%,9.43%
GDIV,Harbor Dividend Growth Leaders ETF,"$291,494",14.47%,"40,385",$15.30,-0.07%,1.51%,2.03%,27.96%,N/A,N/A,"$21,842,000.00","$382,000.00","$1,874,500.00","$29,528,500.00","$98,267,500.00","$98,267,500.00",Large Cap Growth Equities,2022-05-23,0.50%,N/A,$0.21,2024-07-01,$0.05,1.36%,22.50,0.88,44,40.12%,40%,20%,1099,$14.50,$15.48,$15.27,$15.33,60.42,N/A,B,B+,N/A,B+,N/A,N/A,6.39,11.78%,45.04%,92.42,2.10%,1.13%
TOK,iShares MSCI Kokusai ETF,"$273,575",18.23%,"14,225",$115.74,-0.22%,1.66%,1.93%,33.27%,8.36%,13.51%,"$44,188,010.00",$0.00,$0.00,"$30,967,895.00","-$64,944,895.00","-$60,191,740.00",Large Cap Growth Equities,2007-12-10,0.26%,N/A,$1.98,2024-06-11,$0.93,1.70%,17.40,0.99,1212,24.90%,40%,20%,1099,$110.20,$116.81,$115.51,$116.13,60.65,B+,C+,B+,C+,A-,A-,A,6.94,34.74%,66.82%,98.62,10.48%,7.69%
VSDA,VictoryShares Dividend Accelerator ETF,"$264,274",11.80%,"10,786",$52.42,-0.79%,-0.07%,1.51%,23.77%,7.81%,11.14%,"-$26,732,015.00",$0.00,$0.00,"-$24,489,805.00","-$107,427,680.00","$11,788,440.00",Large Cap Growth Equities,2017-04-18,0.35%,N/A,$1.10,2024-09-11,$0.14,2.10%,20.58,0.86,75,26.01%,40%,20%,1099,$51.30,$53.07,$52.28,$52.68,59.13,A-,B-,B,A-,A,A-,N/A,6.76,60.61%,58.80%,153.29,7.68%,4.69%
ESPO,VanEck Video Gaming and eSports ETF,"$259,967",31.69%,"18,403",$74.71,-1.32%,4.04%,7.26%,49.25%,5.65%,18.30%,"-$65,313,985.00",$0.00,"$3,501,855.00","-$78,391,930.00","-$353,818,725.00","$95,842,638.75",Large Cap Growth Equities,2017-03-06,0.56%,N/A,$0.54,2023-12-18,$0.54,0.73%,24.34,0.77,27,60.07%,40%,20%,1099,$67.32,$74.95,N/A,N/A,64.87,B-,B,B-,A+,C,C,N/A,6.16,49.49%,39.95%,7.59,8.83%,2.55%
LSGR,Natixis Loomis Sayles Focused Growth ETF,"$255,133",25.53%,"32,649",$35.22,0.11%,2.43%,3.89%,44.46%,N/A,N/A,"$228,059,600.00","$351,666.00","$4,022,128.00","$228,059,600.00","$233,309,575.00","$233,309,575.00",Large Cap Growth Equities,2023-06-29,0.59%,N/A,$0.01,2023-12-22,$0.01,0.03%,N/A,N/A,23,68.93%,40%,20%,1099,$32.45,$35.76,$35.18,$35.30,60.36,C,C,B,N/A,C+,B-,N/A,6.56,23.67%,50.09%,11.4,16.29%,18.57%
SHE,SPDR MSCI USA Gender Diversity ETF,"$253,070",20.56%,"3,454",$113.60,-0.19%,1.60%,2.38%,35.52%,4.28%,10.80%,"-$8,260,693.73",$0.00,"-$545,296.80","-$10,747,174.65","-$41,366,577.25","-$93,234,544.57",Large Cap Growth Equities,2016-03-07,0.20%,N/A,$1.17,2024-09-03,$0.33,1.03%,17.32,1.01,243,36.01%,40%,20%,1099,$108.24,$114.65,$113.39,$113.83,59.10,B-,C+,B+,C,B-,B,B,6.89,76.93%,64.58%,91.4,9.14%,6.92%
FDG,American Century Focused Dynamic Growth ETF,"$237,873",29.99%,"13,674",$92.54,0.52%,3.55%,3.38%,48.98%,2.75%,N/A,"$257,004.00","-$2,740,535.00","-$9,795,369.50","-$11,469,004.00","$4,839,495.00","$129,707,033.00",Large Cap Growth Equities,2020-03-31,0.45%,N/A,$0.00,2020-12-17,$0.01,0.00%,33.10,1.30,40,61.98%,40%,20%,1099,$83.84,$93.45,$92.33,$92.73,60.60,C+,B-,B-,N/A,C,B-,N/A,6.71,50.54%,56.61%,15.24,12.49%,19.72%
ALTL,Pacer Lunt Large Cap Alternator ETF,"$226,393",13.59%,"33,563",$37.94,-0.24%,0.26%,1.07%,13.59%,-2.43%,N/A,"-$148,137,680.00",$0.00,"-$7,567,525.00","-$355,488,765.00","$232,803,000.00","$375,182,836.42",Large Cap Growth Equities,2020-06-24,0.60%,N/A,$0.48,2024-06-27,$0.18,1.28%,0.06,0.91,101,12.15%,40%,20%,1099,$37.43,$38.26,$37.87,$38.06,61.29,B+,A-,C+,N/A,A-,B-,N/A,6.77,62.79%,59.45%,321.93,12.36%,2.76%
COWG,Pacer US Large Cap Cash Cows Growth Leaders ETF,"$224,366",20.00%,"62,882",$28.56,-0.49%,2.15%,3.29%,36.14%,N/A,N/A,"$139,784,402.50","$6,373,565.00","$13,829,592.50","$160,726,722.50","$194,023,984.64","$194,023,984.64",Large Cap Growth Equities,2022-12-21,0.49%,N/A,$0.11,2024-06-27,$0.02,0.39%,0.00,1.07,101,25.25%,40%,20%,1099,$26.12,$29.08,$28.46,$28.68,60.84,B,B+,B+,N/A,B-,B-,N/A,6.83,70.54%,61.92%,84.37,3.78%,10.61%
TGRW,T. Rowe Price Growth Stock ETF,"$224,004",22.70%,"5,675",$37.58,0.11%,2.37%,2.51%,40.28%,3.68%,N/A,"$140,884,841.79",$0.00,"$537,158.16","$143,234,369.94","$159,285,005.69","$180,491,645.15",Large Cap Growth Equities,2020-08-04,0.52%,N/A,$0.00,2023-12-20,$0.00,0.01%,1.95,1.18,68,65.78%,40%,20%,1099,$35.21,$38.00,$37.51,$37.67,58.62,C,B-,B-,N/A,C,C,N/A,6.85,72.93%,62.86%,21.39,9.17%,10.92%
OVL,Overlay Shares Large Cap Equity ETF,"$187,064",24.18%,"59,437",$46.03,-0.30%,1.91%,2.32%,40.66%,9.88%,N/A,"$21,930,423.50","$41,879,218.00","$4,591,580.00","-$8,024,264.00","-$18,812,624.00","$132,623,176.00",Large Cap Growth Equities,2019-09-30,0.87%,N/A,$1.32,2024-07-03,$0.38,2.86%,0.03,1.12,4,100.00%,40%,20%,1099,$42.90,$46.86,$45.92,$46.22,57.65,B+,B+,C,N/A,B,A,N/A,6.69,45.84%,55.85%,96.77,10.72%,7.21%
CWS,AdvisorShares Focused Equity ETF,"$172,196",14.51%,"10,314",$67.93,-0.57%,0.17%,1.39%,31.66%,12.64%,14.45%,"$64,289,997.10","$1,369,895.40","$4,392,825.90","$69,659,690.55","$107,478,958.80","$112,672,133.80",Large Cap Growth Equities,2016-09-20,0.84%,N/A,$0.15,2023-12-26,$0.15,0.21%,0.04,0.93,26,46.25%,40%,20%,1099,$66.18,$68.90,$67.72,$68.30,58.04,B-,C,C,A,A,C+,C,6.11,5.98%,38.67%,38.36,3.55%,1.56%
MFUS,PIMCO RAFI Dynamic Multi-Factor U.S. Equity ETF,"$167,195",20.53%,"7,158",$50.14,-0.50%,1.18%,1.99%,33.45%,10.43%,13.08%,"$9,700,000.00","-$183,000.00","-$183,000.00","$5,673,000.00","$47,453,000.00","-$2,659,000.00",Large Cap Growth Equities,2017-08-31,0.29%,N/A,$0.73,2024-07-01,$0.16,1.46%,12.92,0.92,837,18.39%,40%,20%,1099,$47.72,$50.75,$50.00,$50.39,61.17,B+,C+,B,C,A,A,N/A,6.53,21.30%,49.27%,87.15,9.62%,4.69%
FLRG,Fidelity U.S. Multifactor ETF,"$164,722",22.00%,"38,129",$33.58,-0.21%,1.64%,1.66%,33.48%,11.25%,N/A,"$87,956,513.55","$36,977,219.40","$35,345,860.10","$106,710,457.25","$127,882,115.75","$134,818,510.75",Large Cap Growth Equities,2020-09-15,0.15%,N/A,$0.43,2024-09-20,$0.13,1.28%,14.48,0.87,105,29.03%,40%,20%,1099,$31.73,$34.03,N/A,N/A,61.16,B+,C+,B,N/A,A-,A-,N/A,6.7,49.13%,56.39%,158.69,6.85%,9.59%
ESG,FlexShares STOXX US ESG Select Index Fund,"$162,444",17.36%,"4,780",$135.01,-0.22%,1.52%,2.97%,29.99%,8.80%,15.37%,"-$54,476,877.50","-$6,716,880.00","-$13,364,800.00","-$54,543,942.50","-$60,975,652.50","$21,798,357.50",Large Cap Growth Equities,2016-07-13,0.32%,N/A,$1.50,2024-09-20,$0.41,1.11%,26.32,1.03,261,36.06%,40%,20%,1099,$128.54,$136.21,N/A,N/A,62.28,B+,C+,B,B+,B+,B+,B+,6.52,20.51%,48.79%,53.08,8.90%,2.11%
ESGG,FlexShares STOXX Global ESG Select Index Fund,"$159,239",15.62%,"4,335",$170.79,-0.75%,0.97%,1.48%,28.97%,7.47%,13.43%,"-$36,966,037.50","-$8,607,480.00","-$8,607,480.00","-$36,966,037.50","-$49,749,112.50","-$3,897,867.50",Large Cap Growth Equities,2016-07-13,0.42%,N/A,$2.80,2024-09-20,$0.52,1.64%,23.11,0.96,775,34.77%,40%,20%,1099,$164.12,$173.12,$170.30,$171.78,58.31,B+,C,B,B,A-,B+,A-,6.95,35.49%,67.16%,66.11,10.31%,4.41%
QWLD,SPDR MSCI World StrategicFactors ETF,"$140,923",16.99%,"5,082",$127.81,-0.37%,0.80%,0.57%,28.26%,8.26%,11.78%,"$17,895,716.84",$0.00,$0.00,"$28,415,188.52","$62,945,169.94","$81,280,146.54",Large Cap Growth Equities,2014-06-04,0.30%,N/A,$1.91,2024-06-03,$0.97,1.49%,15.15,0.85,1395,15.91%,40%,20%,1099,$124.45,$129.12,$127.70,$128.02,58.40,A-,C,B,B,A,A,A,7.02,44.11%,70.65%,110.36,7.16%,7.22%
HFGO,Hartford Large Cap Growth ETF,"$131,969",28.97%,"1,757",$21.66,0.19%,3.44%,3.82%,50.89%,N/A,N/A,"$34,870.00",$0.00,"-$77,860.00","$773,150.00","$104,069,021.17","$104,069,021.17",Large Cap Growth Equities,2021-11-09,0.60%,N/A,$0.00,N/A,N/A,0.00%,25.50,1.23,45,62.71%,40%,20%,1099,$19.62,$21.93,$21.66,$21.66,61.00,B-,B+,B,N/A,C,B,N/A,6.37,10.39%,44.37%,26.32,10.72%,11.56%
CHGX,AXS Change Finance ESG ETF,"$130,943",14.73%,"6,106",$38.11,-0.37%,1.30%,1.87%,30.66%,4.99%,12.94%,"-$19,054,152.50",$0.00,"-$52,470.00","-$19,836,802.50","$18,733,772.50","$87,719,772.50",Large Cap Growth Equities,2017-10-09,0.49%,N/A,$0.31,2023-12-18,$0.31,0.82%,20.64,1.05,101,10.89%,40%,20%,1099,$36.56,$38.55,$38.08,$38.14,59.37,B,B,B-,B,B,B-,N/A,7.02,86.15%,70.52%,20.33,1.14%,5.18%
CCOR,Core Alternative ETF,"$128,809",-0.52%,"36,588",$27.10,-0.59%,-0.81%,-0.60%,-2.04%,-1.91%,1.01%,"-$118,051,678.00",$0.00,"$1,107,364.00","-$234,733,213.00","-$45,700,717.00","$66,442,655.37",Large Cap Growth Equities,2017-05-24,1.18%,N/A,$0.31,2024-09-18,$0.07,1.12%,0.04,0.09,42,30.81%,40%,20%,1099,$27.00,$27.73,$27.06,$27.18,51.17,A-,B,C,A,A,A-,N/A,6.57,29.32%,50.69%,255.1,9.74%,1.36%
AESR,Anfield U.S. Equity Sector Rotation ETF,"$128,093",22.30%,"24,263",$16.89,0.00%,2.19%,1.95%,39.60%,8.98%,N/A,"$9,082,250.00",$0.00,$0.00,"-$13,842,000.00","-$4,002,750.00","$83,728,989.97",Large Cap Growth Equities,2019-12-16,1.11%,N/A,$0.03,2023-12-14,$0.03,0.15%,0.05,0.96,25,85.65%,40%,20%,1099,$15.88,$17.09,$16.86,$16.92,59.30,B,B-,C,N/A,A-,B,N/A,6.7,49.56%,56.47%,55.16,6.14%,9.38%
QQXT,First Trust Nasdaq-100 Ex-Technology Sector Index Fund,"$125,623",5.53%,"4,618",$92.45,-0.56%,0.34%,1.30%,16.09%,2.82%,12.36%,"-$57,739,500.00",$0.00,"-$9,186,200.00","-$65,800,350.00","-$34,551,150.00","-$39,362,050.00",Large Cap Growth Equities,2007-02-08,0.60%,N/A,$1.14,2024-06-27,$0.26,1.23%,24.88,0.98,59,17.80%,40%,20%,1099,$89.25,$93.80,$92.21,$92.88,58.53,B-,C+,C+,A-,B+,C+,C+,6.67,39.55%,54.66%,165.78,8.46%,7.98%
OGIG,ALPS O'Shares Global Internet Giants ETF,"$123,820",13.62%,"9,411",$41.48,-0.24%,3.80%,7.75%,38.01%,-9.46%,11.81%,"-$29,702,000.00","-$2,081,000.00","-$5,006,750.00","-$50,431,750.00","-$306,222,310.00","$77,446,640.00",Large Cap Growth Equities,2018-06-05,0.48%,N/A,$0.00,N/A,N/A,0.00%,0.03,-1.82,70,35.74%,40%,20%,1099,$37.25,$41.74,$41.37,$41.61,66.04,B-,B+,B-,A,C,C,N/A,6.25,38.71%,41.97%,14.92,7.07%,1.44%
SOCL,Global X Social Media ETF,"$122,797",2.65%,"9,928",$41.34,-1.03%,7.63%,7.02%,17.25%,-13.02%,5.20%,"-$43,054,429.71","-$8,332,882.54","-$8,332,400.30","-$19,789,212.06","-$150,922,197.92","$32,996,346.52",Large Cap Growth Equities,2011-11-14,0.65%,2 Platforms,$0.16,2024-06-27,$0.10,0.38%,26.53,0.94,48,67.65%,40%,20%,1099,$36.56,$41.09,N/A,N/A,59.32,C,B,C+,B,C,C,C,4.55,18.53%,16.21%,14.02,0.00%,0.02%
MILN,Global X Millennial Consumer ETF,"$118,249",17.84%,"9,112",$41.76,-0.38%,2.60%,5.11%,39.46%,-2.21%,11.38%,"-$13,677,329.40","$1,137.83","-$4,006,876.41","-$15,672,424.23","-$81,908,550.80","$12,005,548.70",Large Cap Growth Equities,2016-05-04,0.50%,N/A,$0.13,2024-06-27,$0.02,0.31%,23.15,1.21,79,33.03%,40%,20%,1099,$38.05,$42.19,N/A,N/A,67.28,C,B-,B-,C,C,C,C+,5.6,2.56%,29.94%,15.05,2.96%,2.86%
MMTM,SPDR S&P 1500 Momentum Tilt ETF,"$113,043",25.11%,"1,372",$251.25,0.06%,2.49%,2.49%,42.14%,11.39%,15.71%,"$739,552.25",$0.00,$0.00,"$2,440,799.79","-$3,528,272.15","$6,282,855.00",Large Cap Growth Equities,2012-10-24,0.12%,N/A,$2.00,2024-09-23,$0.57,0.80%,15.72,0.96,1448,45.03%,40%,20%,1099,$233.71,$254.19,$250.94,$251.85,60.26,B+,C,A-,B-,B+,B,A,6.75,60.23%,58.63%,73.33,11.14%,11.32%
HERO,Global X Video Games & Esports ETF,"$107,877",17.02%,"26,688",$23.56,-0.84%,4.90%,4.71%,29.25%,-5.98%,N/A,"-$43,866,206.46","-$1,818,472.58","-$11,654,784.24","-$67,346,060.39","-$319,076,861.78","$140,997,299.93",Large Cap Growth Equities,2019-10-25,0.50%,N/A,$0.16,2024-06-27,$0.04,0.69%,23.28,0.78,45,55.64%,40%,20%,1099,$21.70,$23.46,N/A,N/A,59.98,B-,B+,B-,N/A,C+,B-,N/A,5.67,48.96%,30.94%,4.99,5.08%,0.07%
VEGN,US Vegan Climate ETF,"$107,474",19.06%,"5,869",$51.15,-0.04%,2.40%,3.48%,36.64%,8.42%,16.34%,"$6,990,270.00","$1,276,020.00","$1,276,020.00","$7,940,472.50","$21,398,732.50","$62,867,830.00",Large Cap Growth Equities,2019-09-09,0.60%,N/A,$0.27,2024-09-10,$0.06,0.52%,0.04,1.10,255,35.96%,40%,20%,1099,$47.88,$51.66,N/A,N/A,61.05,C+,C+,C+,N/A,B-,B-,N/A,7.2,92.41%,78.04%,17.69,2.57%,6.92%
QYLG,Global X Nasdaq 100 Covered Call & Growth ETF,"$103,545",16.04%,"21,738",$32.01,0.25%,1.95%,2.80%,30.18%,7.29%,N/A,"-$13,549,303.56","$2,269.82","-$1,285,301.96","-$20,309,899.06","$59,675,248.68","$93,073,000.92",Large Cap Growth Equities,2020-09-18,0.35%,N/A,$1.84,2024-09-23,$0.18,5.76%,24.41,0.93,103,51.26%,40%,20%,1099,$30.08,$32.31,$31.95,$32.06,60.34,B,B,C+,N/A,B-,A,N/A,6.79,83.12%,60.10%,59.02,7.02%,9.32%
ACSI,American Customer Satisfaction ETF,"$89,854",16.08%,217,$58.00,0.09%,1.68%,2.33%,33.20%,5.34%,12.36%,"$158,500.00",$0.00,$0.00,"$158,500.00","-$2,549,000.00","-$6,571,500.00",Large Cap Growth Equities,2016-11-01,0.65%,N/A,$0.50,2023-12-22,$0.50,0.87%,0.05,1.00,35,46.59%,40%,20%,1099,$55.81,$58.15,$58.00,$58.00,63.57,C+,C,C,C+,B,B-,B,5.98,4.57%,36.39%,95.44,7.44%,1.51%
DWAW,AdvisorShares Dorsey Wright FSM All Cap World ETF,"$79,490",15.09%,"2,200",$39.00,-0.03%,1.91%,2.46%,32.74%,2.98%,N/A,"-$2,788,493.40","-$388,483.70","-$388,483.70","-$18,108,779.55","-$63,438,916.45","$46,511,383.10",Large Cap Growth Equities,2019-12-26,1.28%,N/A,$0.58,2023-12-26,$0.58,1.48%,0.03,0.91,4,100.00%,40%,20%,1099,$36.82,$39.38,$39.00,$39.00,58.90,N/A,C+,N/A,N/A,A-,C,N/A,6.79,23.10%,60.04%,52.58,10.53%,9.43%
SPYC,Simplify US Equity PLUS Convexity ETF,"$77,222",22.13%,"13,623",$37.47,-0.43%,1.79%,1.82%,36.42%,6.82%,N/A,"-$4,123,825.00",$0.00,$0.00,"-$6,912,625.00","-$33,330,261.81","$47,377,213.19",Large Cap Growth Equities,2020-09-03,0.52%,N/A,$0.41,2024-06-25,$0.10,1.10%,0.03,0.90,6,100.00%,40%,20%,1099,$35.51,$37.96,$37.42,$37.56,58.19,B,B,B,N/A,A-,C+,N/A,6.7,78.09%,56.06%,96.79,10.63%,7.14%
RFDA,RiverFront Dynamic US Dividend Advantage ETF,"$75,529",17.07%,"3,672",$54.74,-0.29%,1.05%,1.15%,29.24%,10.45%,13.67%,"-$10,285,500.00",$0.00,"-$1,364,750.00","-$14,797,250.00","-$68,311,750.00","-$110,497,750.00",Large Cap Growth Equities,2016-06-06,0.52%,N/A,$1.38,2024-09-19,$0.14,2.52%,0.04,0.97,74,41.85%,40%,20%,1099,$51.52,$55.75,$54.68,$54.87,58.63,B,C+,B-,C,A,A-,B-,6.59,32.58%,51.42%,147.73,9.74%,10.58%
MMLG,First Trust Multi-Manager Large Growth ETF,"$69,935",18.74%,"24,991",$28.48,-0.18%,2.82%,3.15%,42.26%,-0.01%,N/A,"$1,836,300.00",$0.00,"-$1,390,950.00","$14,226,550.00","-$73,466,400.00","$78,724,750.00",Large Cap Growth Equities,2020-07-21,0.85%,N/A,$0.00,2020-12-24,$0.06,0.00%,31.91,1.16,78,47.06%,40%,20%,1099,$26.24,$28.86,$28.34,$28.64,59.53,C,B-,C,N/A,C,C,N/A,6.77,62.35%,59.35%,40.31,8.03%,13.18%
SPXT,ProShares S&P 500 Ex-Technology ETF,"$69,874",17.14%,"4,391",$89.99,-0.82%,0.57%,2.07%,28.47%,7.36%,11.89%,"$17,086,314.09","$5,423,376.00","$5,423,376.00","$19,559,066.62","$50,121,868.61","$53,312,071.61",Large Cap Growth Equities,2015-09-22,0.09%,N/A,$1.33,2024-06-26,$0.37,1.47%,16.75,0.93,435,26.23%,40%,20%,1099,$86.64,$91.19,$89.76,$90.44,61.00,B+,C,A-,C+,A,A-,B+,6.18,6.56%,40.21%,133.4,15.12%,2.76%
FCTR,First Trust Lunt U.S. Factor Rotation ETF,"$66,835",12.22%,"7,486",$31.08,0.03%,2.43%,4.87%,28.81%,-3.60%,8.28%,"-$25,027,900.00",$0.00,"-$1,508,450.00","-$71,348,250.00","-$311,972,650.00","$87,107,400.00",Large Cap Growth Equities,2018-07-25,0.65%,N/A,$0.21,2024-06-27,$0.07,0.66%,12.35,1.04,158,16.21%,40%,20%,1099,$28.98,$31.31,$31.05,$31.13,62.58,B-,B+,C,N/A,B,C+,N/A,6.49,18.31%,48.02%,183.21,7.24%,3.65%
QARP,Xtrackers Russell 1000 US Quality at a Reasonable Price ETF,"$66,148",16.58%,"15,578",$51.63,-0.39%,1.04%,1.70%,26.90%,9.61%,15.30%,"-$9,804,625.00",$0.00,"-$2,566,950.00","$23,277,950.00","$10,552,200.00","-$96,770,900.00",Large Cap Growth Equities,2018-04-05,0.19%,N/A,$0.67,2024-09-20,$0.17,1.29%,0.04,1.01,351,34.67%,40%,20%,1099,$49.69,$52.14,$51.60,$51.68,61.12,B+,C,B+,B-,A-,A-,N/A,6.47,17.03%,47.39%,70.09,3.28%,2.57%
FFTY,Innovator IBD 50 ETF,"$65,904",10.05%,"130,680",$26.82,-0.26%,1.55%,4.07%,23.40%,-18.64%,-3.13%,"-$29,366,055.00",$0.00,"-$2,548,010.00","-$36,845,162.50","-$92,352,332.50","-$248,435,807.50",Large Cap Growth Equities,2015-04-09,0.80%,N/A,$0.16,2023-12-28,$0.16,0.58%,0.10,1.14,51,33.74%,40%,20%,1099,$24.15,$27.50,$26.73,$26.99,57.11,B-,B+,C,A-,B-,C,N/A,4.92,1.24%,21.75%,205.61,0.46%,8.35%
IWLG,NYLI Winslow Large Cap Growth ETF,"$64,589",25.19%,"8,380",$45.58,0.26%,3.18%,4.07%,49.02%,N/A,N/A,"$33,350,940.00",$0.00,"$7,236,560.00","$33,350,940.00","$45,244,540.00","$45,244,540.00",Large Cap Growth Equities,2022-06-23,0.60%,N/A,$0.00,2023-12-15,$0.00,0.01%,31.40,-1.12,42,57.40%,40%,20%,1099,$41.57,$46.14,$45.58,$45.58,61.19,N/A,C,B,N/A,N/A,N/A,N/A,6.96,81.39%,67.72%,27.25,10.48%,9.14%
GBUY,Future Consumer Equity ETF,"$63,233",21.77%,"4,775",$34.22,-0.20%,3.47%,3.17%,37.32%,N/A,N/A,"-$31,935,250.00",$0.00,$0.00,"-$108,624,500.00","-$9,398,000.00","-$9,398,000.00",Large Cap Growth Equities,2021-11-09,0.75%,N/A,$0.13,2023-12-28,$0.00,0.37%,27.68,1.17,48,51.50%,40%,20%,1099,$31.84,$34.30,$34.04,$34.35,61.69,C,C+,C,N/A,C+,C+,N/A,6.53,64.65%,49.31%,86.29,16.94%,7.44%
WOMN,Tidal Trust III YWCA WOMENS EMPOWERMENT ETF,"$61,860",16.09%,"3,440",$38.50,-0.39%,0.90%,2.24%,30.28%,9.17%,17.65%,"$4,517,161.39","$7,249.42","$963,258.30","$10,946,339.10","$20,926,548.47","$40,881,356.64",Large Cap Growth Equities,2018-08-24,0.75%,N/A,$0.61,2024-06-28,$0.08,1.57%,0.04,1.01,203,32.71%,40%,20%,1099,$37.04,$38.93,$38.47,$38.55,62.04,B+,C+,C,A-,A-,A,N/A,6.79,65.67%,60.33%,81.63,7.36%,2.65%
XYLG,Global X S&P 500 Covered Call & Growth ETF,"$59,752",16.94%,"12,062",$31.92,-0.13%,1.00%,1.93%,26.08%,7.40%,N/A,"-$9,108,432.43","-$2,552,771.18","-$3,828,850.17","-$11,234,047.20","$25,996,601.92","$52,640,537.65",Large Cap Growth Equities,2020-09-18,0.35%,N/A,$1.40,2024-09-23,$0.13,4.38%,17.68,0.81,505,34.80%,40%,20%,1099,$30.61,$32.18,$31.84,$32.01,62.66,B+,B,A-,B,B-,A-,N/A,6.69,76.57%,55.91%,97.2,10.89%,7.31%
SPXN,ProShares S&P 500 Ex-Financials ETF,"$58,709",20.63%,"5,520",$61.52,-0.39%,1.90%,2.34%,34.72%,10.66%,16.37%,"-$2,890,825.07","-$1,229,288.00","-$1,229,288.00","$4,667,048.31","$33,846,541.86","$36,975,185.86",Large Cap Growth Equities,2015-09-22,0.09%,N/A,$1.06,2024-06-26,$0.18,1.72%,18.76,1.01,401,40.66%,40%,20%,1099,$58.05,$62.24,$61.52,$61.52,59.83,B+,C,A,B+,B+,B,B+,6.79,65.97%,60.47%,106.08,10.75%,8.17%
LEAD,Siren DIVCON Leaders Dividend ETF,"$58,512",13.44%,"2,028",$68.54,-0.29%,1.39%,2.26%,27.53%,8.77%,15.73%,"$1,544,530.00",$0.00,$0.00,"$338,215.00","$4,060,800.00","-$1,911,942.50",Large Cap Growth Equities,2016-01-06,0.43%,N/A,$0.67,2024-09-24,$0.15,0.97%,0.03,0.98,59,29.63%,40%,20%,1099,$65.27,$69.42,$68.43,$68.77,59.62,B,C+,B,A,B+,B-,C+,7.05,87.81%,71.97%,64.57,4.17%,2.74%
PSET,Principal Quality ETF,"$56,560",15.58%,"1,365",$70.54,-0.35%,2.05%,2.80%,31.34%,9.17%,14.44%,"$7,966,330.00",$0.00,$0.00,"$7,429,844.00","-$47,193,921.00","$14,355,624.00",Large Cap Growth Equities,2016-03-21,0.15%,N/A,$0.50,2024-07-01,$0.11,0.72%,15.44,0.94,74,31.39%,40%,20%,1099,$65.88,$71.56,$70.40,$70.69,59.10,A-,B-,A-,A-,A-,B,B,7.24,93.39%,79.61%,40.96,2.50%,7.06%
SPXE,ProShares S&P 500 Ex-Energy ETF,"$55,501",21.19%,"1,323",$61.42,-0.39%,1.54%,2.20%,36.81%,9.68%,15.71%,"$5,668,050.86",$0.00,$0.00,"$6,637,578.83","$14,771,189.53","$25,114,824.53",Large Cap Growth Equities,2015-09-22,0.09%,N/A,$1.09,2024-06-26,$0.19,1.76%,19.11,0.97,482,35.91%,40%,20%,1099,$58.28,$62.15,$61.36,$61.54,60.39,A-,C,A,A-,B+,B,A-,6.71,50.79%,56.65%,89.12,11.30%,7.58%
BUZZ,VanEck Social Sentiment ETF,"$55,197",13.86%,"9,700",$21.28,-0.70%,2.50%,3.25%,42.58%,-6.05%,N/A,"-$15,124,200.00","-$10,588,950.00","-$2,155,460.00","-$19,319,295.00","-$102,365,647.50","$86,945,102.46",Large Cap Growth Equities,2021-02-02,0.75%,N/A,$0.10,2023-12-18,$0.10,0.45%,18.41,1.43,76,31.33%,40%,20%,1099,$19.57,$21.66,$21.20,$21.43,55.98,C,B,C,N/A,C,C,N/A,5.82,3.70%,33.09%,45.67,9.27%,4.97%
NACP,Tidal Trust III NAACP MINORITY EMPOWERMENT ETF,"$50,376",21.57%,"2,292",$41.07,-0.10%,1.85%,2.91%,34.67%,9.67%,16.36%,"-$859,140.42",-$719.38,"$3,443.71","-$862,363.24","$5,487,263.51","$30,802,925.87",Large Cap Growth Equities,2018-07-18,0.49%,N/A,$0.44,2024-06-28,$0.10,1.07%,0.04,1.01,202,39.08%,40%,20%,1099,$38.83,$41.40,N/A,N/A,61.47,B+,C+,B-,A-,B,A-,N/A,6.66,37.27%,53.84%,112.11,10.13%,4.67%
YLDE,ClearBridge Dividend Strategy ESG ETF,"$50,321",13.33%,"2,949",$49.90,-0.83%,0.43%,1.84%,24.56%,9.06%,11.65%,"$6,652,143.27","-$3,981.22","$5,666.26","$12,983,104.91","$22,976,314.99","$31,302,760.23",Large Cap Growth Equities,2017-05-22,0.47%,N/A,$0.72,2024-06-25,$0.20,1.45%,16.02,0.91,55,32.82%,40%,20%,1099,$48.15,$50.60,$49.83,$50.04,60.74,B+,C+,C+,B+,A,A-,N/A,6.87,67.67%,63.95%,207.77,5.88%,2.88%
LCG,Sterling Capital Focus Equity ETF,"$41,905",0.18%,"18,922",$28.53,-1.18%,0.81%,2.48%,25.80%,-2.90%,N/A,"-$22,975,750.00","-$3,622,500.00","-$10,579,250.00","-$27,042,750.00","$22,946,250.00","$43,257,500.00",Large Cap Growth Equities,2020-08-26,0.59%,N/A,$0.00,N/A,N/A,0.00%,51.50,1.24,23,61.83%,40%,20%,1099,$27.23,$29.15,$28.44,$28.70,56.50,B-,B+,B+,C,C+,C+,N/A,7.33,94.89%,82.42%,21.51,4.77%,0.86%
PSCW,Pacer Swan SOS Conservative (April) ETF,"$39,055",10.40%,"5,900",$25.58,-0.08%,1.11%,1.95%,18.59%,5.83%,N/A,"$24,056,500.00","-$1,276,500.00","-$2,535,500.00","$24,627,500.00","$32,117,750.00","$33,169,750.00",Large Cap Growth Equities,2021-04-01,0.60%,N/A,$0.00,N/A,N/A,0.00%,0.00,0.35,3,99.99%,40%,20%,1099,$24.60,$25.74,$25.52,$25.61,63.11,A-,B+,B-,A,A,B-,N/A,0.0,N/A,N/A,N/A,N/A,N/A
FDNI,First Trust Dow Jones International Internet ETF,"$37,426",19.96%,"6,291",$26.94,-0.88%,9.43%,13.86%,33.11%,-12.95%,5.36%,"$4,807,600.00",$0.00,$0.00,"$3,743,900.00","-$38,152,150.00","$62,898,650.00",Large Cap Growth Equities,2018-11-05,0.65%,N/A,$0.07,2024-06-27,$0.07,0.26%,26.04,0.80,40,67.97%,40%,20%,1099,$22.38,$26.66,$26.76,$27.22,69.69,B-,B-,C+,A,C,C,N/A,5.73,26.91%,31.75%,18.43,3.88%,0.03%
LRNZ,"TrueShares Technology, AI & Deep Learning ETF","$36,046",-0.17%,"8,966",$38.14,-0.50%,3.51%,1.95%,32.42%,-8.13%,N/A,"-$720,270.00",$0.00,"-$1,447,902.00","-$1,295,973.00","$15,846,982.50","$38,655,860.00",Large Cap Growth Equities,2020-02-28,0.69%,N/A,$0.00,2021-12-29,$0.06,0.00%,0.00,1.13,23,68.82%,40%,20%,1099,$34.73,$38.88,$38.03,$38.38,56.01,C,C+,C,N/A,C,C,N/A,7.11,67.74%,74.53%,17.75,3.99%,18.79%
SZNE,Pacer CFRA-Stovall Equal Weight Seasonal Rotation ETF,"$35,082",6.71%,"3,500",$38.63,-0.87%,-1.49%,-0.65%,19.65%,1.04%,7.20%,"-$12,570,500.00",$0.00,"-$1,943,500.00","-$22,435,000.00","-$36,403,000.00","-$3,174,775.00",Large Cap Growth Equities,2018-07-23,0.60%,N/A,$0.46,2024-06-27,$0.10,1.19%,0.03,1.01,101,12.98%,40%,20%,1099,$38.53,$39.41,$38.59,$38.70,50.68,B,C+,C+,N/A,A-,B+,N/A,7.15,91.08%,75.92%,32.42,6.56%,10.33%
NULC,Nuveen ESG Large-Cap ETF,"$34,523",18.05%,983,$45.99,-0.07%,1.32%,2.34%,32.98%,6.42%,14.21%,"$4,170,767.23",$0.00,$0.00,"$4,170,767.23","$4,995,632.23","$18,709,062.23",Large Cap Growth Equities,2019-06-03,0.21%,N/A,$0.51,2023-12-14,$0.52,1.12%,0.04,1.03,124,31.25%,40%,20%,1099,$43.48,$46.57,N/A,N/A,60.51,B+,C,B+,N/A,B+,A,N/A,7.7,98.61%,91.88%,43.05,0.38%,9.18%
XUSP,Innovator Uncapped Accelerated U.S. Equity ETF,"$32,369",27.38%,"7,232",$39.17,-0.05%,2.52%,3.05%,46.64%,N/A,N/A,"$10,593,670.00","$1,957,417.50","$2,917,992.50","$8,924,020.00","$25,017,648.12","$25,017,648.12",Large Cap Growth Equities,2022-08-10,0.79%,N/A,$0.00,N/A,N/A,0.00%,0.05,1.07,3,100.00%,40%,20%,1099,$36.32,$39.65,N/A,N/A,60.70,N/A,B-,C+,N/A,N/A,N/A,N/A,0.0,N/A,N/A,N/A,N/A,N/A
WUGI,AXS Esoterica NextG Economy ETF,"$31,395",36.44%,"2,842",$69.95,0.40%,5.54%,3.97%,62.46%,5.22%,N/A,"$151,717.50",$0.00,$0.00,"-$1,099,162.50","-$11,450,889.33","$19,217,751.88",Large Cap Growth Equities,2020-03-30,0.76%,N/A,$0.00,N/A,N/A,0.00%,0.03,1.22,30,76.00%,40%,20%,1099,$62.04,$70.59,$69.64,$70.33,58.48,C,C+,C,N/A,C,C,N/A,7.65,87.65%,90.79%,32.45,5.19%,17.86%
LFEQ,VanEck Long/Flat Trend ETF,"$26,678",20.66%,"1,795",$48.36,-0.33%,1.78%,2.22%,31.15%,6.45%,13.09%,"-$2,380,255.00",$0.00,$0.00,"-$5,445,117.50","-$15,358,885.00","-$48,021,320.45",Large Cap Growth Equities,2017-10-04,0.61%,N/A,$0.63,2023-12-27,$0.62,1.29%,0.03,0.81,2,100.00%,40%,20%,1099,$45.80,$48.90,N/A,N/A,60.81,B+,C,C+,B+,A,A,N/A,6.7,47.80%,56.14%,96.83,10.89%,7.32%
PSFM,Pacer Swan SOS Flex (April) ETF,"$24,642",11.34%,"2,818",$28.93,-0.17%,0.96%,1.87%,20.90%,8.91%,N/A,"$1,927,500.00",$0.00,$0.00,"$3,235,250.00","$11,556,500.00","$18,005,000.00",Large Cap Growth Equities,2021-03-31,0.60%,N/A,$0.00,N/A,N/A,0.00%,0.00,0.61,3,100.00%,40%,20%,1099,$27.87,$29.13,$28.93,$28.93,62.41,B+,B,B-,A-,A-,B-,N/A,0.0,N/A,N/A,N/A,N/A,N/A
ATFV,Alger 35 ETF,"$23,399",28.68%,"7,131",$22.30,0.27%,4.86%,4.65%,57.14%,0.02%,N/A,"$5,783,650.00","$275,875.00","$275,875.00","$3,994,900.00","$6,368,525.00","$15,628,650.00",Large Cap Growth Equities,2021-05-03,0.55%,N/A,$0.00,2023-12-20,$0.00,0.01%,24.21,1.05,32,63.60%,40%,20%,1099,$19.56,$22.56,$22.27,$22.37,63.98,C,C+,B-,N/A,C,C+,N/A,6.09,5.85%,38.41%,45.63,14.37%,9.50%
SPXV,ProShares S&P 500 Ex-Health Care ETF,"$22,641",21.69%,406,$60.95,-0.38%,1.89%,2.57%,37.52%,10.63%,15.99%,"-$70,652.27",$0.00,$0.00,"-$70,559.36","$11,754,864.47","$12,710,886.47",Large Cap Growth Equities,2015-09-22,0.09%,N/A,$1.10,2024-06-26,$0.19,1.80%,17.88,1.03,442,39.21%,40%,20%,1099,$57.32,$61.70,$60.95,$60.95,60.64,B+,C,A-,B,B,B+,A-,6.7,49.37%,56.42%,108.2,12.34%,7.34%
AFLG,First Trust Active Factor Large Cap ETF,"$20,372",24.15%,"12,494",$33.88,-0.15%,2.05%,2.73%,39.48%,10.30%,N/A,"$14,223,350.00",$0.00,"$1,628,450.00","$12,893,700.00","$14,188,500.00","$14,710,750.00",Large Cap Growth Equities,2019-12-03,0.55%,N/A,$0.33,2024-06-27,$0.02,0.98%,13.84,0.98,252,27.60%,40%,20%,1099,$31.81,$34.21,$33.85,$33.93,64.42,B-,C,C+,N/A,A-,B,N/A,6.53,21.16%,49.18%,139.41,9.99%,5.76%
MSTQ,LHA Market State Tactical Q ETF,"$18,918",16.57%,"2,698",$32.93,0.18%,2.90%,2.11%,31.90%,N/A,N/A,"$4,829,682.50",$0.00,$0.00,"$10,179,122.50","$16,173,880.00","$16,173,880.00",Large Cap Growth Equities,2022-03-15,1.59%,N/A,$0.22,2023-12-14,$0.22,0.66%,0.00,-0.91,6,99.99%,40%,20%,1099,$30.87,$33.24,$32.93,$32.93,56.89,C+,B-,C,B+,B-,C,N/A,6.36,10.07%,44.14%,58.2,3.50%,4.65%
ESGY,American Century Sustainable Growth ETF,"$17,110",21.00%,"2,106",$55.21,0.18%,2.30%,2.50%,39.21%,9.33%,N/A,"$1,570,270.00",$0.00,"-$524,115.00","$2,428,896.00","$7,206,260.00","$7,637,946.00",Large Cap Growth Equities,2021-06-29,0.39%,N/A,$0.13,2024-09-23,$0.02,0.23%,25.91,1.19,87,62.18%,40%,20%,1099,$51.36,$56.01,$55.21,$55.21,58.52,B-,C,B,N/A,C+,B+,N/A,7.2,92.36%,77.95%,29.32,5.36%,12.18%
HIDV,AB US High Dividend ETF,"$15,603",22.37%,752,$70.56,-0.54%,0.87%,1.08%,36.89%,N/A,N/A,"$4,953,096.00",$0.00,$0.00,"$5,001,182.00","$7,061,224.00","$7,061,224.00",Large Cap Growth Equities,2023-03-22,0.45%,N/A,$1.63,2024-09-03,$0.44,2.29%,0.00,0.00,106,33.60%,40%,20%,1099,$67.36,$71.64,$70.56,$70.56,58.87,N/A,N/A,A-,N/A,N/A,C+,N/A,6.48,17.54%,47.69%,157.78,9.07%,8.04%
QRFT,QRAFT AI Enhanced U.S. Large Cap ETF,"$14,633",20.83%,"4,260",$52.98,-0.39%,1.44%,1.99%,35.74%,7.33%,16.83%,"$7,420,749.93",$0.00,"$1,237,000.00","$7,423,924.93","-$3,933,350.07","$6,059,774.93",Large Cap Growth Equities,2019-05-20,0.75%,N/A,$0.28,2024-09-24,$0.06,0.52%,0.03,1.00,351,32.29%,40%,20%,1099,$50.69,$53.52,$52.93,$53.07,59.12,B,C+,C,N/A,B,A,N/A,6.69,44.07%,55.65%,47.55,11.88%,9.78%
IWFG,NYLI Winslow Focused Large Cap Growth ETF,"$10,191",29.40%,869,$46.39,0.22%,3.19%,3.73%,52.17%,N/A,N/A,"$363,670.00",$0.00,$0.00,"$363,670.00","$1,159,180.00","$1,159,180.00",Large Cap Growth Equities,2022-06-23,0.65%,N/A,$0.36,2023-12-15,$0.36,0.78%,33.90,-1.07,28,56.13%,40%,20%,1099,$42.43,$46.99,$46.39,$46.39,60.12,N/A,C,B,N/A,N/A,N/A,N/A,7.09,89.23%,73.44%,26.35,7.90%,9.62%
BDVG,IMGP Berkshire Dividend Growth ETF,"$8,155",11.72%,"2,537",$11.59,-0.60%,0.48%,0.87%,20.94%,N/A,N/A,"$6,294,250.00",$0.00,"$286,500.00","$6,547,500.00","$6,802,750.00","$6,802,750.00",Large Cap Growth Equities,2023-06-30,0.55%,N/A,$0.17,2024-06-27,$0.04,1.43%,N/A,N/A,39,38.46%,40%,20%,1099,$11.36,$11.70,$11.57,$11.62,57.49,N/A,N/A,B+,N/A,N/A,N/A,N/A,6.54,23.56%,49.55%,192.3,5.63%,1.34%
LRND,NYLI U.S. Large Cap R&D Leaders ETF,"$7,505",17.74%,411,$33.20,-0.42%,1.62%,3.18%,34.42%,N/A,N/A,"-$698,325.00",$0.00,$0.00,"$707,300.00","$727,800.00","$727,800.00",Large Cap Growth Equities,2022-02-08,0.14%,N/A,$0.34,2024-06-28,$0.08,1.04%,15.60,1.07,102,49.24%,40%,20%,1099,$31.19,$33.65,$33.20,$33.20,59.04,N/A,C+,A,N/A,C+,N/A,N/A,6.4,11.40%,45.19%,17.36,13.21%,5.64%
GGRW,Gabelli Growth Innovators ETF,"$5,557",34.84%,"2,991",$28.47,-0.04%,2.63%,4.25%,55.39%,1.67%,N/A,"$1,026,900.00",$0.00,"-$965,090.00","$1,210,140.00","$1,102,680.00","$2,260,930.00",Large Cap Growth Equities,2021-02-16,0.90%,N/A,$0.00,N/A,N/A,0.00%,0.03,1.26,34,54.03%,40%,20%,1099,$26.21,$28.82,$28.34,$28.62,61.27,C,C,C,N/A,C,C,N/A,7.07,88.60%,72.80%,13.2,7.39%,8.90%
SPMV,Invesco S&P 500 Minimum Variance ETF,"$5,142",20.24%,402,$46.64,-0.19%,0.63%,2.26%,30.65%,8.81%,11.26%,"-$4,644,520.00","-$7,560.00","-$7,560.00","-$18,957,280.00","-$20,607,380.00","-$1,453,130.00",Large Cap Growth Equities,2017-07-13,0.10%,N/A,$0.86,2024-09-23,$0.19,1.84%,22.57,0.85,76,29.22%,40%,20%,1099,$45.03,$47.20,$46.61,$46.66,62.27,A-,C,A-,B+,A,A,N/A,6.86,74.70%,63.45%,188.3,16.77%,7.21%
VIRS,Pacer BioThreat Strategy ETF,"$3,993",23.21%,165,$39.62,-0.68%,-0.05%,1.52%,34.00%,6.44%,N/A,"-$6,225.00",$0.00,$0.00,"-$802,487.50","-$1,040,245.00","$2,573,080.49",Large Cap Growth Equities,2020-06-24,0.70%,N/A,$0.34,2024-06-27,$0.10,0.86%,0.05,0.82,55,49.93%,40%,20%,1099,$38.41,$40.24,$39.62,$39.62,59.97,C+,C,C,N/A,A,C+,N/A,6.91,74.86%,65.50%,21.18,6.22%,10.14%
SLDR,Global X Short-Term Treasury Ladder ETF,"$2,509",N/A,N/A,$50.23,-0.06%,0.14%,N/A,N/A,N/A,N/A,"$2,501,387.71",-$132.50,"$2,501,387.71","$2,501,387.71","$2,501,387.71","$2,501,387.71",Large Cap Growth Equities,2024-09-10,0.12%,N/A,$0.00,2015-12-23,$0.06,0.00%,16.86,1.31,22,53.09%,40%,20%,1099,N/A,N/A,$50.23,$50.24,"",C,C+,B,N/A,N/A,C+,C,0.0,N/A,N/A,N/A,N/A,N/A
